"sample","chr","pos","ref","mut","gene","strand","ref_cod","mut_cod","ref3_cod","mut3_cod","aachange","ntchange","codonsub","impact","pid","sample_old","fpkm","cell_fraction","allele_frequency"
"D1","2L",10464537,"G","T","RluA-1",-1,"C","A","CCA","CAA","P536P","C1608A","CCC>CCA","Synonymous","FBpp0079630","D197R01",0.3,0.452,0.304350132
"D1","2L",13272360,"CGCA","C","CG44085",1,".",".",".",".",".","702-704-delinframe",".","delinframe","FBpp0306886","D197R01",0,0.1126,0.0758181966
"D1","2L",19745327,"G","A","CG10631",-1,"C","T","ACA","ATA","H3099H","C9297T","CAC>CAT","Synonymous","FBpp0080856","D197R01",0.9,0.426,0.286843266
"D1","2R",10353818,"G","C","CG46298",1,"G","C","AGA","ACA","E101D","G303C","GAG>GAC","Missense","FBpp0401595","D197R01",0,0.386,0.259909626
"D1","3L",889186,"CA","C","Usp10",1,".",".",".",".",".","2488-2488-delfrshift",".","delfrshift","FBpp0072486","D197R01",4.7,0.1082,0.0728554962
"D1","3R",19601283,"G","A","CG7333",1,"G","A","GGA","GAA","D163N","G487A","GAT>AAT","Missense","FBpp0113045","D197R01",0,0.1404,0.0945370764
"D3","2L",12105074,"C","T","ThrRS",1,"C","T","GCC","GTC","P204S","C610T","CCC>TCC","Missense","FBpp0079914","D197R03",45.8,0,0
"D3","2L",12105094,"C","T","ThrRS",1,"C","T","ACT","ATT","Y210Y","C630T","TAC>TAT","Synonymous","FBpp0079914","D197R03",45.8,0,0
"D3","2R",19094998,"C","CA","Ir56a",-1,".",".",".",".",".","1081-1082-insfrshift",".","insfrshift","FBpp0085779","D197R03",0,0.1474,0.094754616
"D3","3L",870559,"C","A","CG12502",1,"C","A","TCC","TAC","S727Y","C2180A","TCC>TAC","Missense","FBpp0289574","D197R03",0.1,0.228,0.14656752
"D3","3R",19190235,"C","CAGT","CG31475",1,".",".",".",".",".","155-156-insfrshift",".","insfrshift","FBpp0304806","D197R03",0,0.054,0.03471336
"D3","3R",25170871,"GA","G","lobo",-1,".",".",".",".",".","1672-1672-delfrshift",".","delfrshift","FBpp0110094","D197R03",0,0.053,0.03407052
"D3","X",6658275,"ACCC","A","Cdc7",1,".",".",".",".",".","1224-1226-delinframe",".","delinframe","FBpp0070911","D197R03",4.3,0.107,0.13756776
"D3","X",8563549,"TAAC","T","Trf4-1",1,".",".",".",".",".","178-180-delinframe",".","delinframe","FBpp0304114","D197R03",0.7,0.093,0.11956824
"D3","X",15452063,"C","T","Ahcy",1,"C","T","TCG","TTG","I295I","C885T","ATC>ATT","Synonymous","FBpp0312000","D197R03",76.6,0,0
"D3","X",18006347,"TTGC","T","CG12672",-1,".",".",".",".",".","1143-1145-delinframe",".","delinframe","FBpp0074313","D197R03",0,0.103,0.13242504
"D5","3L",9628213,"CA","C","Or67b",-1,".",".",".",".",".","684-684-delfrshift",".","delfrshift","FBpp0076149","D197R05",0,0.137,0.0824166655
"D5","3L",16068297,"G","A","Mbs",1,"G","A","GGC","GAC","G740D","G2219A","GGC>GAC","Missense","FBpp0300535","D197R05",0.5,0.1086,0.0653317509
"D5","3R",9820919,"G","GT","CG42857",-1,".",".",".",".",".","127-128-insfrshift",".","insfrshift","FBpp0292996","D197R05",0,0.1904,0.1145411176
"D5","3R",12012981,"CA","C","GCC185",1,".",".",".",".",".","1930-1930-delfrshift",".","delfrshift","FBpp0112136","D197R05",1,0.1124,0.0676177606
"D5","3R",14152400,"G","A","CG42500",-1,"C","T","ACG","ATG","H51H","C153T","CAC>CAT","Synonymous","FBpp0289854","D197R05",0,0.074,0.044517031
"D5","X",10912787,"GCAA","G","CG43901",1,".",".",".",".",".","3322-3324-delinframe",".","delinframe","FBpp0305151","D197R05",0,0.0755,0.0908388065
"D7","2L",3873199,"GA","G","capu",-1,".",".",".",".",".","3787-3787-delfrshift",".","delfrshift","FBpp0288517","D197R07",0.2,0.116,0.061645648
"D7","2L",8380471,"T","G","AlaRS",-1,"A","C","GAC","GCC","R324R","A972C","CGA>CGC","Synonymous","FBpp0089366","D197R07",44.5,0,0
"D7","2L",12105074,"C","T","ThrRS",1,"C","T","GCC","GTC","P204S","C610T","CCC>TCC","Missense","FBpp0079914","D197R07",45.8,0,0
"D7","2L",12105094,"C","T","ThrRS",1,"C","T","ACT","ATT","Y210Y","C630T","TAC>TAT","Synonymous","FBpp0079914","D197R07",45.8,0,0
"D7","2L",13277108,"CAAT","C","CG44085",1,".",".",".",".",".","2638-2640-delinframe",".","delinframe","FBpp0306886","D197R07",0,0.25,0.132857
"D7","2R",14254195,"G","A","Hsc70-5",-1,"C","T","CCA","CTA","P393P","C1179T","CCC>CCT","Synonymous","FBpp0308990","D197R07",53.4,0,0
"D7","2R",14819130,"GA","G","CG10202",-1,".",".",".",".",".","785-785-delfrshift",".","delfrshift","FBpp0086594","D197R07",0.2,0.1588,0.0843907664
"D7","2R",17134446,"A","G","CG11400",1,"A","G","AAA","AGA","K80R","A239G","AAA>AGA","Missense","FBpp0311625","D197R07",0.9,0,0
"D7","2R",17362131,"CACA","C","mbl",1,".",".",".",".",".","1017-1019-delinframe",".","delinframe","FBpp0307871","D197R07",0,0.348,0.184936944
"D7","2R",20909908,"CT","C","CG9235",1,".",".",".",".",".","154-154-delfrshift",".","delfrshift","FBpp0071446","D197R07",0,0.116,0.061645648
"D7","2R",22415270,"GGT","G","qkr58E-1",-1,".",".",".",".",".","124-125-delfrshift",".","delfrshift","FBpp0071754","D197R07",9.6,0.25,0.132857
"D7","3L",7831438,"GC","G","Pdp1",-1,".",".",".",".",".","140-140-delfrshift",".","delfrshift","FBpp0076495","D197R07",5.7,0,0
"D7","3L",7831440,"TGC","T","Pdp1",-1,".",".",".",".",".","137-138-delfrshift",".","delfrshift","FBpp0076495","D197R07",5.7,0,0
"D7","3L",11923834,"G","A","SdhAL",-1,"C","T","GCA","GTA","G286G","C858T","GGC>GGT","Synonymous","FBpp0075801","D197R07",0,0,0
"D7","3L",11923843,"A","G","SdhAL",-1,"T","C","ATC","ACC","H283H","T849C","CAT>CAC","Synonymous","FBpp0075801","D197R07",0,0,0
"D7","3L",11923846,"A","G","SdhAL",-1,"T","C","TTC","TCC","F282F","T846C","TTT>TTC","Synonymous","FBpp0075801","D197R07",0,0,0
"D7","3L",18998765,"TC","T","CG3808",-1,".",".",".",".",".","1605-1605-delfrshift",".","delfrshift","FBpp0074808","D197R07",1.9,0.1212,0.0644090736
"D7","3L",20783413,"GA","G","CG11399",-1,".",".",".",".",".","1194-1194-delfrshift",".","delfrshift","FBpp0077935","D197R07",2,0.0942,0.0500605176
"D7","3L",23716500,"CA","C","CG17454",1,".",".",".",".",".","590-590-delfrshift",".","delfrshift","FBpp0289146","D197R07",14.1,0.1886,0.1002273208
"D7","3R",15136234,"CTGT","C","CG6912",-1,".",".",".",".",".","370-372-delinframe",".","delinframe","FBpp0082497","D197R07",83.3,0.1428,0.0758879184
"D7","3R",15351670,"TC","T","CG5038",1,".",".",".",".",".","321-321-delfrshift",".","delfrshift","FBpp0082545","D197R07",0.8,0.1538,0.0817336264
"D7","3R",29802108,"C","T","CG7834",-1,"G","A","AGA","AAA","K201K","G603A","AAG>AAA","Synonymous","FBpp0084901","D197R07",37.3,0,0
"D7","X",8250893,"G","A","ND-75",-1,"C","T","TCT","TTT","I140I","C420T","ATC>ATT","Synonymous","FBpp0071128","D197R07",13.7,0,0
"D7","X",8250896,"G","A","ND-75",-1,"C","T","CCA","CTA","P139P","C417T","CCC>CCT","Synonymous","FBpp0071128","D197R07",13.7,0,0
"D7","X",9084033,"GC","G","APC4",1,".",".",".",".",".","791-791-delfrshift",".","delfrshift","FBpp0071222","D197R07",0.2,0.1,0.1062856
"D7","X",11156770,"TC","T","CG32668",-1,".",".",".",".",".","2581-2581-delfrshift",".","delfrshift","FBpp0073325","D197R07",0,0.188,0.199816928
"D7","X",13653469,"GCAA","G","NFAT",1,".",".",".",".",".","1377-1379-delinframe",".","delinframe","FBpp0111893","D197R07",1,0.103,0.109474168
"D7","X",18659255,"T","TAC","fu",1,".",".",".",".",".","1343-1344-insfrshift",".","insfrshift","FBpp0074373","D197R07",1,0.08,0.08502848
"P1","2L",4938441,"T","G","Sgs1",1,"T","G","CTT","CGT","T312T","T936G","ACT>ACG","Synonymous","FBpp0077084","HUM-1",0,0.666,0.403714215
"P1","2R",8347571,"CG","C","pdm3",1,".",".",".",".",".","34-34-delfrshift",".","delfrshift","FBpp0308446","HUM-1",0.2,0.5,0.30308875
"P1","2R",15270720,"G","A","Trpm",-1,"C","T","ACG","ATG","T1019M","C3056T","ACG>ATG","Missense","FBpp0308223","HUM-1",0,0.546,0.330972915
"P1","2R",18099005,"GA","G","CG5098",1,".",".",".",".",".","2854-2854-delfrshift",".","delfrshift","FBpp0112005","HUM-1",0.3,0.4,0.242471
"P1","2R",22747475,"C","T","CG42260",-1,"G","A","TGC","TAC","V837V","G2511A","GTG>GTA","Synonymous","FBpp0288847","HUM-1",0,0.5,0.30308875
"P1","2R",23318709,"G","A","CG30412",-1,"C","T","CCT","CTT","L187L","C559T","CTG>TTG","Synonymous","FBpp0071952","HUM-1",0,0.546,0.330972915
"P1","3L",12423032,"TTGC","T","toe",-1,".",".",".",".",".","1520-1522-delinframe",".","delinframe","FBpp0075712","HUM-1",0.5,0.462,0.280054005
"P1","3R",7184724,"C","T","CG10055",-1,"G","A","GGG","GAG","G566E","G1697A","GGG>GAG","Missense","FBpp0081123","HUM-1",5,0.762,0.461907255
"P1","3R",13098939,"A","G","timeout",1,"A","G","CAA","CGA","K423E","A1267G","AAG>GAG","Missense","FBpp0082180","HUM-1",2.7,0.546,0.330972915
"P1","3R",19405835,"C","T","CG5316",1,"C","T","ACA","ATA","Q608*","C1822T","CAA>TAA","Nonsense","FBpp0083174","HUM-1",1.3,0.364,0.22064861
"P1","3R",21523590,"C","T","CG7956",1,"C","T","TCA","TTA","I257I","C771T","ATC>ATT","Synonymous","FBpp0306725","HUM-1",0.3,0.888,0.53828562
"P1","X",5879109,"C","T","Usp30",-1,"G","A","CGC","CAC","R99H","G296A","CGC>CAC","Missense","FBpp0070793","HUM-1",8.3,1,1
"P11","2L",2652281,"GT","G","CG33125",-1,".",".",".",".",".","10-10-delfrshift",".","delfrshift","FBpp0291644","A373R5",0,0.0984,0.0674298792
"P11","2L",15334684,"C","G","esg",1,"C","G","TCC","TGC","I197M","C591G","ATC>ATG","Missense","FBpp0080293","A373R5",168.9,0.556,0.381006228
"P11","2R",9086670,"GT","G","CG13742",-1,".",".",".",".",".","666-666-delfrshift",".","delfrshift","FBpp0301832","A373R5",0,0.129,0.088398927
"P11","2R",20639783,"CG","C","rig",-1,".",".",".",".",".","798-798-delfrshift",".","delfrshift","FBpp0085564","A373R5",4.6,0.228,0.156239964
"P11","3L",1942626,"C","A","Mfap1",1,"C","A","CCC","CAC","P443H","C1328A","CCC>CAC","Missense","FBpp0072720","A373R5",3.7,0.624,0.427604112
"P11","3R",26619387,"A","C","TwdlM",1,"A","C","GAG","GCG","G48G","A144C","GGA>GGC","Synonymous","FBpp0084401","A373R5",0,0.432,0.296033616
"P11","3R",26619402,"A","C","TwdlM",1,"A","C","GAG","GCG","G53G","A159C","GGA>GGC","Synonymous","FBpp0084401","A373R5",0,0.546,0.374153598
"P11","X",256252,"GA","G","cin",1,".",".",".",".",".","404-404-delfrshift",".","delfrshift","FBpp0070064","A373R5",0,0.13,0.17816838
"P11","X",15582723,"AAGC","A","CG9215",-1,".",".",".",".",".","43-45-delinframe",".","delinframe","FBpp0073882","A373R5",6.1,0.105,0.14390523
"P11","X",15883237,"ATGC","A","tay",-1,".",".",".",".",".","2522-2524-delinframe",".","delinframe","FBpp0301767","A373R5",0.5,0.107,0.146646282
"P15","2L",561795,"T","G","CG11835",-1,"A","C","AAA","ACA","K463Q","A1387C","AAG>CAG","Missense","FBpp0311648","A373R9",0.5,0.302,0.18383344
"P15","2L",4642172,"C","T","BG642163",1,"C","T","CCA","CTA","Q268*","C802T","CAA>TAA","Nonsense","FBpp0110065","A373R9",0,0.53,0.3226216
"P15","2L",14380351,"A","T","ppk",-1,"T","A","CTC","CAC","A181A","T543A","GCT>GCA","Synonymous","FBpp0080210","A373R9",0.2,0.368,0.22400896
"P15","3L",2794027,"T","C","Tet",-1,"A","G","AAC","AGC","Q1210Q","A3630G","CAA>CAG","Synonymous","FBpp0306013","A373R9",2.2,0.4,0.243488
"P15","X",5432326,"T","C","CG15784",1,"T","C","ATG","ACG","H549H","T1647C","CAT>CAC","Synonymous","FBpp0070743","A373R9",876.2,0.182,0.22157408
"P17","2L",5885285,"G","C","CG43185",1,"G","C","TGA","TCA","L17F","G51C","TTG>TTC","Missense","FBpp0310924","A373R11",1.6,0.846,0.525554658
"P17","2L",5885286,"A","T","CG43185",1,"A","T","GAC","GTC","T18S","A52T","ACC>TCC","Missense","FBpp0310924","A373R11",1.6,0.8,0.4969784
"P17","3L",4642796,"T","G","axo",-1,"A","C","GAC","GCC","T2002P","A6004C","ACG>CCG","Missense","FBpp0297315","A373R11",0,0.4,0.2484892
"P17","3L",4642797,"C","T","axo",-1,"G","A","AGA","AAA","E2001E","G6003A","GAG>GAA","Synonymous","FBpp0297315","A373R11",0,0.352,0.218670496
"P17","3L",18201943,"TC","T","CG7320",1,".",".",".",".",".","319-319-delfrshift",".","delfrshift","FBpp0301841","A373R11",0.2,0.26,0.16151798
"P17","3L",21263476,"A","T","Eip78C",1,"A","T","CAG","CTG","Q592L","A1775T","CAG>CTG","Missense","FBpp0297288","A373R11",0.1,0.204,0.126729492
"P17","3R",16071078,"TCAACA","T","Mhcl",-1,".",".",".",".",".","5334-5338-delfrshift",".","delfrshift","FBpp0082685","A373R11",1.5,0,0
"P17","3R",16071084,"C","CGTGTT","Mhcl",-1,".",".",".",".",".","5333-5334-insfrshift",".","insfrshift","FBpp0082685","A373R11",1.5,0,0
"P17","3R",25263347,"G","A","GlnRS",-1,"C","T","GCA","GTA","G776G","C2328T","GGC>GGT","Synonymous","FBpp0084240","A373R11",32.4,0.794,0.493251062
"P19","2L",4453458,"TCTG","T","CG15440",-1,".",".",".",".",".","841-843-delinframe",".","delinframe","FBpp0077144","A373R13",7.3,0.216,0.134670276
"P19","2L",5359898,"AT","A","nompC",1,".",".",".",".",".","3959-3959-delfrshift",".","delfrshift","FBpp0312558","A373R13",0,0.1072,0.0668363592
"P19","2L",9652285,"C","CG","Apoltp",1,".",".",".",".",".","9754-9755-insfrshift",".","insfrshift","FBpp0292877","A373R13",0,0.1818,0.1133474823
"P19","2L",10679097,"A","G","CG17104",1,"A","G","AAG","AGG","E364E","A1092G","GAA>GAG","Synonymous","FBpp0311163","A373R13",0.6,0.4,0.2493894
"P19","2L",15068747,"G","C","solo",1,"G","C","AGA","ACA","E97Q","G289C","GAA>CAA","Missense","FBpp0401449","A373R13",8.1,0.324,0.202005414
"P19","2L",15068747,"G","C","vas",1,"G","C","AGA","ACA","E97Q","G289C","GAA>CAA","Missense","FBpp0401446","A373R13",8.1,0.324,0.202005414
"P19","2L",15068757,"T","C","solo",1,"T","C","TTC","TCC","F100S","T299C","TTC>TCC","Missense","FBpp0401449","A373R13",8.1,0.38,0.23691993
"P19","2L",15068757,"T","C","vas",1,"T","C","TTC","TCC","F100S","T299C","TTC>TCC","Missense","FBpp0401446","A373R13",8.1,0.38,0.23691993
"P19","2R",12671499,"C","A","GLS",-1,"G","T","AGG","ATG","G669C","G2005T","GGT>TGT","Missense","FBpp0292103","A373R13",2.4,0.476,0.296773386
"P19","2R",17495686,"TA","T","CG30103",1,".",".",".",".",".","1631-1631-delfrshift",".","delfrshift","FBpp0086085","A373R13",0,0.151,0.0941444985
"P19","2R",20272561,"C","CG","CG10444",-1,".",".",".",".",".","1621-1622-insfrshift",".","insfrshift","FBpp0085617","A373R13",8.1,0.1538,0.0958902243
"P19","2R",22812410,"AT","A","stl",1,".",".",".",".",".","509-509-delfrshift",".","delfrshift","FBpp0112023","A373R13",0.1,0.222,0.138411117
"P19","3L",11159508,"TCAG","T","IRSp53",1,".",".",".",".",".","744-746-delinframe",".","delinframe","FBpp0075945","A373R13",0.2,0.476,0.296773386
"P19","3R",11578580,"AGCAG","A","CG6790",-1,".",".",".",".",".","157-160-delfrshift",".","delfrshift","FBpp0081936","A373R13",0,0.1632,0.1017508752
"P19","X",6535987,"CCAA","C","dx",1,".",".",".",".",".","957-959-delinframe",".","delinframe","FBpp0070876","A373R13",4.1,0.087,0.108484389
"P19","X",7939825,"CACG","C","Ubr3",1,".",".",".",".",".","782-784-delinframe",".","delinframe","FBpp0290962","A373R13",2,0.105,0.130929435
"P19","X",19213552,"GA","G","Mur18B",1,".",".",".",".",".","191-191-delfrshift",".","delfrshift","FBpp0074443","A373R13",2.5,0.136,0.169584792
"P23","2L",1585368,"C","CT","CG10869",-1,".",".",".",".",".","1602-1603-insfrshift",".","insfrshift","FBpp0077583","A512R19",0,0.2,0.132
"P23","2L",4943222,"T","TG","CG14044",1,".",".",".",".",".","304-305-insfrshift",".","insfrshift","FBpp0078629","A512R19",0.4,0.364,0.24024
"P23","2L",17455354,"A","C","SPH93",-1,"T","G","ATC","AGC","S157A","T469G","TCA>GCA","Missense","FBpp0080557","A512R19",0,0.334,0.22044
"P23","2R",1727911,"TA","T","CG41520",1,".",".",".",".",".","1473-1473-delfrshift",".","delfrshift","FBpp0112834","A512R19",0.1,0.25,0.165
"P23","2R",14971870,"A","ATC","ckn",1,".",".",".",".",".","91-92-insfrshift",".","insfrshift","FBpp0086540","A512R19",0.6,0.24,0.1584
"P23","3L",6737767,"GACT","G","dikar",-1,".",".",".",".",".","2554-2556-delinframe",".","delinframe","FBpp0292763","A512R19",0.3,0.25,0.165
"P23","3L",11130163,"A","AG","NaPi-III",1,".",".",".",".",".","403-404-insfrshift",".","insfrshift","FBpp0290653","A512R19",0.1,0.25,0.165
"P23","3L",20368983,"AG","A","in",1,".",".",".",".",".","1669-1669-delfrshift",".","delfrshift","FBpp0077841","A512R19",0,0.216,0.14256
"P23","3R",6307523,"A","G","CG46026",1,"A","G","GAA","GGA","E188G","A563G","GAA>GGA","Missense","FBpp0312502","A512R19",0,0.444,0.29304
"P23","3R",11239167,"C","CA","CG31388",1,".",".",".",".",".","815-816-insfrshift",".","insfrshift","FBpp0081832","A512R19",0.6,0.242,0.15972
"P23","3R",24922721,"T","TG","Mink",1,".",".",".",".",".","85-86-insfrshift",".","insfrshift","FBpp0084092","A512R19",3.8,0.242,0.15972
"P23","3R",25965289,"AC","A","boss",1,".",".",".",".",".","1244-1244-delfrshift",".","delfrshift","FBpp0084323","A512R19",0,0.242,0.15972
"P23","X",10598380,"G","A","CG2124",1,"G","A","CGC","CAC","R622H","G1865A","CGC>CAC","Missense","FBpp0071420","A512R19",0.3,1,1
"P23","X",13286503,"TC","T","CG15743",1,".",".",".",".",".","154-154-delfrshift",".","delfrshift","FBpp0311952","A512R19",0.6,0.174,0.22968
"P25","2L",3127669,"CTGG","C","toc",-1,".",".",".",".",".","128-130-delinframe",".","delinframe","FBpp0077346","A512R21",0.2,0.308,0.18286499
"P25","2L",7866090,"TTGC","T","Proc",-1,".",".",".",".",".","234-236-delinframe",".","delinframe","FBpp0310066","A512R21",0,0.39,0.231549825
"P25","2L",8221658,"GT","G","Pvr",-1,".",".",".",".",".","4624-4624-delfrshift",".","delfrshift","FBpp0291358","A512R21",0.4,0.21,0.124680675
"P25","2L",12537807,"TTGC","T","bun",-1,".",".",".",".",".","1518-1520-delinframe",".","delinframe","FBpp0288933","A512R21",50,0.348,0.20661369
"P25","2L",15068757,"T","C","solo",1,"T","C","TTC","TCC","F100S","T299C","TTC>TCC","Missense","FBpp0401449","A512R21",8.1,0.422,0.250548785
"P25","2L",15068757,"T","C","vas",1,"T","C","TTC","TCC","F100S","T299C","TTC>TCC","Missense","FBpp0401446","A512R21",8.1,0.422,0.250548785
"P25","2R",11218148,"GC","G","CG9084",-1,".",".",".",".",".","277-277-delfrshift",".","delfrshift","FBpp0303485","A512R21",8.3,0.26,0.15436655
"P25","2R",12564341,"T","C","CG33775",-1,"A","G","CAG","CGG","S144S","A432G","TCA>TCG","Synonymous","FBpp0091037","A512R21",0.4,0.286,0.169803205
"P25","2R",17821168,"GCAA","G","grh",1,".",".",".",".",".","1414-1416-delinframe",".","delinframe","FBpp0288984","A512R21",0,0.238,0.141304765
"P25","2R",18844729,"CA","C","CG15099",-1,".",".",".",".",".","938-938-delfrshift",".","delfrshift","FBpp0085810","A512R21",4.5,0.1356,0.080508093
"P25","2R",20958682,"TTGC","T","hbn",-1,".",".",".",".",".","318-320-delinframe",".","delinframe","FBpp0071485","A512R21",0.3,0.286,0.169803205
"P25","3L",7321723,"AGAG","A","RhoGEF4",-1,".",".",".",".",".","1404-1406-delinframe",".","delinframe","FBpp0076595","A512R21",4.8,0.334,0.198301645
"P25","3L",7890176,"ACAG","A","CG32365",1,".",".",".",".",".","601-603-delinframe",".","delinframe","FBpp0076463","A512R21",0.7,0.1952,0.115893656
"P25","3L",23174531,"CA","C","CG34031",1,".",".",".",".",".","66-66-delfrshift",".","delfrshift","FBpp0301047","A512R21",0.8,0.2,0.1187435
"P25","3R",15233238,"GT","G","tefu",-1,".",".",".",".",".","7532-7532-delfrshift",".","delfrshift","FBpp0110174","A512R21",1.4,0.2,0.1187435
"P25","3R",26995361,"GA","G","TwdlC",1,".",".",".",".",".","214-214-delfrshift",".","delfrshift","FBpp0084447","A512R21",1.8,0.222,0.131805285
"P25","X",3067157,"T","A","CG4116",-1,"A","T","CAC","CTC","T136S","A406T","ACA>TCA","Missense","FBpp0070536","A512R21",0,0.231,0.274297485
"P25","X",4904555,"A","T","CG42594",1,"A","T","GAA","GTA","E820V","A2459T","GAA>GTA","Missense","FBpp0311748","A512R21",0,0.231,0.274297485
"P25","X",6285515,"C","G","Top3beta",-1,"G","C","TGA","TCA","E603Q","G1807C","GAG>CAG","Missense","FBpp0309042","A512R21",4.7,0.227,0.269547745
"P25","X",12285747,"TGCA","T","Ten-a",1,".",".",".",".",".","1929-1931-delinframe",".","delinframe","FBpp0311958","A512R21",0,0.231,0.274297485
"P25","X",19486670,"GGCT","G","pcm",-1,".",".",".",".",".","4403-4405-delinframe",".","delinframe","FBpp0291292","A512R21",0.6,0.2,0.237487
"P27","2L",4555748,"T","A","dpy",-1,"A","T","AAG","ATG","K2702M","A8105T","AAG>ATG","Missense","FBpp0304622","A512R23",0,0.1686,0.1113073596
"P27","3L",4897994,"T","C","CG13705",1,"T","C","GTC","GCC","R336R","T1008C","CGT>CGC","Synonymous","FBpp0073208","A512R23",5,0.562,0.371024532
"P27","3L",4898009,"C","T","CG13705",1,"C","T","CCG","CTG","S341S","C1023T","TCC>TCT","Synonymous","FBpp0073208","A512R23",5,0.438,0.289161468
"P27","3R",22711737,"TGTA","T","wge",-1,".",".",".",".",".","4986-4988-delinframe",".","delinframe","FBpp0302573","A512R23",1.9,0.1702,0.1123636572
"P29","2L",7475870,"A","AGGTG","CG6441",1,".",".",".",".",".","963-964-insfrshift",".","insfrshift","FBpp0079079","A573R25",0.1,0.334,0.222654086
"P29","3L",9628213,"CA","C","Or67b",-1,".",".",".",".",".","684-684-delfrshift",".","delfrshift","FBpp0076149","A573R25",0,0.1818,0.1211931522
"P29","3L",16269726,"T","C","CG13068",1,"T","C","ATA","ACA","Y74Y","T222C","TAT>TAC","Synonymous","FBpp0075219","A573R25",0,0.4,0.2666516
"P29","3L",19891996,"C","T","Su(Tpl)",-1,"G","A","CGG","CAG","R903Q","G2708A","CGG>CAG","Missense","FBpp0310656","A573R25",29.8,0.093,0.061996497
"P29","3L",20472819,"ATTG","A","CG32428",-1,".",".",".",".",".","153-155-delinframe",".","delinframe","FBpp0292443","A573R25",16.7,0.25,0.16665725
"P29","3R",7525389,"C","T","alpha-Est6",-1,"G","A","GGC","GAC","G349D","G1046A","GGC>GAC","Missense","FBpp0081073","A573R25",0,0.1312,0.0874617248
"P29","3R",20294675,"ACAG","A","cic",1,".",".",".",".",".","3196-3198-delinframe",".","delinframe","FBpp0306420","A573R25",2.7,0.1904,0.1269261616
"P29","X",8019641,"G","GT","CG15333",-1,".",".",".",".",".","1624-1625-insfrshift",".","insfrshift","FBpp0071076","A573R25",0.1,0.16,0.21332128
"P3","2L",2742827,"T","C","Hrs",1,"T","C","GTC","GCC","G675G","T2025C","GGT>GGC","Synonymous","FBpp0088691","HUM-4",4,0.728,0.49017332
"P3","2L",2742860,"A","T","Hrs",1,"A","T","CAC","CTC","P686P","A2058T","CCA>CCT","Synonymous","FBpp0088691","HUM-4",4,0.608,0.40937552
"P3","2L",7458149,"C","T","Gr28b",-1,"G","A","CGC","CAC","A202A","G606A","GCG>GCA","Synonymous","FBpp0089145","HUM-4",0,0.4,0.269326
"P3","2L",9529275,"A","G","CG31883",1,"A","G","TAA","TGA","K250E","A748G","AAA>GAA","Missense","FBpp0079427","HUM-4",0.1,0.7,0.4713205
"P3","2L",21681173,"G","T","eEF2",-1,"C","A","CCG","CAG","P110P","C330A","CCC>CCA","Synonymous","FBpp0085266","HUM-4",499.7,0.728,0.49017332
"P3","2L",21681176,"C","A","eEF2",-1,"G","T","CGC","CTC","S109S","G327T","TCG>TCT","Synonymous","FBpp0085266","HUM-4",499.7,0.728,0.49017332
"P3","2R",10098597,"A","C","RpLP0-like",-1,"T","G","ATG","AGG","D255E","T765G","GAT>GAG","Missense","FBpp0087511","HUM-4",44.8,0.924,0.62214306
"P3","2R",13455864,"C","T","arr",-1,"G","A","GGC","GAC","G1223D","G3668A","GGC>GAC","Missense","FBpp0086821","HUM-4",3.6,0.546,0.36762999
"P3","3L",5758528,"C","A","Usp47",1,"C","A","ACT","AAT","Y721*","C2163A","TAC>TAA","Nonsense","FBpp0076802","HUM-4",2,0.778,0.52383907
"P3","3L",20204793,"C","CAGAGGAAGTCGAGCCGGAGGAAGTTGACCT","CG7290",-1,".",".",".",".",".","1138-1139-insfrshift",".","insfrshift","FBpp0074627","HUM-4",0,0,0
"P3","3L",24366016,"CA","C","nvd",1,".",".",".",".",".","800-800-delfrshift",".","delfrshift","FBpp0112384","HUM-4",0,0.422,0.28413893
"P3","3R",5835924,"G","A","CG1208",1,"G","A","CGG","CAG","R44Q","G131A","CGG>CAG","Missense","FBpp0112109","HUM-4",0,0.348,0.23431362
"P3","3R",5835929,"T","A","CG1208",1,"T","A","ATA","AAA","Y46N","T136A","TAT>AAT","Missense","FBpp0112109","HUM-4",0,0.364,0.24508666
"P3","3R",9721065,"T","A","hyd",-1,"A","T","AAG","ATG","K1115M","A3344T","AAG>ATG","Missense","FBpp0308671","HUM-4",2.1,0.728,0.49017332
"P3","3R",15425239,"A","G","CG6118",-1,"T","C","GTC","GCC","V28A","T83C","GTC>GCC","Missense","FBpp0112152","HUM-4",0,0.938,0.63156947
"P3","3R",24226639,"C","G","Spps",-1,"G","C","AGT","ACT","S6T","G17C","AGT>ACT","Missense","FBpp0083950","HUM-4",0.6,0.584,0.39321596
"P3","3R",27533221,"AGC","A","CG12885",1,".",".",".",".",".","2007-2008-delfrshift",".","delfrshift","FBpp0084555","HUM-4",0,0,0
"P3","3R",27533224,"AG","A","CG12885",1,".",".",".",".",".","2010-2010-delfrshift",".","delfrshift","FBpp0084555","HUM-4",0,0,0
"P3","4",666238,"TA","T","Slip1",1,".",".",".",".",".","1135-1135-delfrshift",".","delfrshift","FBpp0088159","HUM-4",1.8,0.296,0.19930124
"P31","2L",10263153,"C","CAGGG","Rsf1",-1,".",".",".",".",".","266-267-insfrshift",".","insfrshift","FBpp0079668","A573R27",17,0.222,0.153997071
"P31","2L",10263155,"ACCCT","A","Rsf1",-1,".",".",".",".",".","260-263-delfrshift",".","delfrshift","FBpp0079668","A573R27",17,0.21,0.145672905
"P31","2L",10693694,"G","A","CG17108",-1,"C","T","TCA","TTA","H123Y","C367T","CAT>TAT","Missense","FBpp0079716","A573R27",0,1,0.6936805
"P31","2L",10693695,"A","T","CG17108",-1,"T","A","GTC","GAC","G122G","T366A","GGT>GGA","Synonymous","FBpp0079716","A573R27",0,1,0.6936805
"P31","2L",15916970,"G","C","CG13244",1,"G","C","CGC","CCC","P11P","G33C","CCG>CCC","Synonymous","FBpp0080350","A573R27",0.4,0.562,0.389848441
"P31","2R",17567488,"T","TG","Ns2",-1,".",".",".",".",".","454-455-insfrshift",".","insfrshift","FBpp0086063","A573R27",49.6,0.1428,0.0990575754
"P31","2R",18311891,"AAGC","A","Tango8",1,".",".",".",".",".","71-73-delinframe",".","delinframe","FBpp0085942","A573R27",0,0.16,0.11098888
"P31","3L",5483177,"G","A","CG4835",1,"G","A","AGT","AAT","E1063E","G3189A","GAG>GAA","Synonymous","FBpp0305790","A573R27",0.1,0.556,0.385686358
"P31","3L",20218934,"A","G","CG6933",-1,"T","C","GTT","GCT","V258A","T773C","GTT>GCT","Missense","FBpp0302616","A573R27",0,0.1632,0.1132086576
"P31","X",1247265,"TTGC","T","Atf3",-1,".",".",".",".",".","1089-1091-delinframe",".","delinframe","FBpp0070234","A573R27",41.4,0.148,0.205329428
"P31","X",7689869,"TTGC","T","CHES-1-like",-1,".",".",".",".",".","124-126-delinframe",".","delinframe","FBpp0305405","A573R27",2,0.15,0.20810415
"P31","X",10575899,"GTTGTTT","G","spri",-1,".",".",".",".",".","282-287-delinframe",".","delinframe","FBpp0302587","A573R27",0.2,0.105,0.145672905
"P33","2L",7644572,"C","CG","Slob",-1,".",".",".",".",".","2999-3000-insfrshift",".","insfrshift","FBpp0303549","A573R29",0.2,0.1212,0.079992
"P33","2L",18675657,"T","A","Mst36Fa",-1,"A","T","AAG","ATG","K387M","A1160T","AAG>ATG","Missense","FBpp0293884","A573R29",1.4,0.406,0.26796
"P33","2L",21225271,"C","CA","CG8677",1,".",".",".",".",".","2946-2947-insfrshift",".","insfrshift","FBpp0312177","A573R29",2,0.122,0.08052
"P33","2R",15234663,"A","T","Fs",-1,"T","A","CTG","CAG","L316Q","T947A","CTG>CAG","Missense","FBpp0089409","A573R29",0.4,0.47,0.3102
"P33","3L",14024818,"G","GC","Ptip",-1,".",".",".",".",".","3517-3518-insfrshift",".","insfrshift","FBpp0075526","A573R29",0.8,0,0
"P33","3R",11628045,"C","A","CG18764",1,"C","A","CCA","CAA","H333N","C997A","CAC>AAC","Missense","FBpp0081893","A573R29",1.6,0.742,0.48972
"P33","3R",19978782,"G","GACACAACGAGA","CG31213",1,".",".",".",".",".","5199-5200-insfrshift",".","insfrshift","FBpp0307229","A573R29",0,0,0
"P33","3R",19978784,"G","GC","CG31213",1,".",".",".",".",".","5201-5202-insfrshift",".","insfrshift","FBpp0307229","A573R29",0,0,0
"P33","X",5176352,"GCAT","G","CG15465",1,".",".",".",".",".","1114-1116-delinframe",".","delinframe","FBpp0311010","A573R29",0.8,0.093,0.12276
"P33","X",18651770,"G","GTGCCA","Ing3",-1,".",".",".",".",".","1118-1119-insfrshift",".","insfrshift","FBpp0074385","A573R29",0.5,0.115,0.1518
"P35","2L",11163342,"GT","G","Ca-beta",-1,".",".",".",".",".","1118-1118-delfrshift",".","delfrshift","FBpp0301962","A573R31",0,0.1792,0.1063841408
"P35","2L",16095293,"CCTTTGCGA","C","CG4891",1,".",".",".",".",".","259-266-delfrshift",".","delfrshift","FBpp0080373","A573R31",0,0.1194,0.0708831831
"P35","2R",7384262,"TA","T","cos",-1,".",".",".",".",".","2540-2540-delfrshift",".","delfrshift","FBpp0307854","A573R31",0.3,0.1702,0.1010411873
"P35","2R",12370708,"A","G","CG33012",1,"A","G","TAT","TGT","I872V","A2614G","ATT>GTT","Missense","FBpp0304543","A573R31",0,0.344,0.204219556
"P35","3L",1761324,"A","AAC","Dhc62B",-1,".",".",".",".",".","9962-9963-insfrshift",".","insfrshift","FBpp0292225","A573R31",0.1,0.127,0.0753950105
"P35","3R",29181527,"C","CTGCTGG","jus",-1,".",".",".",".",".","185-186-insfrshift",".","insfrshift","FBpp0112216","A573R31",0.1,0.1312,0.0778883888
"P35","3R",30043943,"GGAC","G","Sry-delta",1,".",".",".",".",".","466-468-delinframe",".","delinframe","FBpp0084924","A573R31",11.5,0.122,0.072426703
"P35","X",657163,"C","G","SkpA",1,"C","G","TCC","TGC","I18M","C54G","ATC>ATG","Missense","FBpp0070124","A573R31",34.9,0.0926,0.1099461098
"P35","X",1332067,"GGGT","G","CG11409",-1,".",".",".",".",".","1561-1563-delinframe",".","delinframe","FBpp0309598","A573R31",0,0.0952,0.1130331496
"P35","X",2882726,"CTGT","C","CG14418",-1,".",".",".",".",".","821-823-delinframe",".","delinframe","FBpp0070540","A573R31",0,0.111,0.131792853
"P35","X",11696479,"C","T","PhKgamma",1,"C","T","GCC","GTC","P11S","C31T","CCC>TCC","Missense","FBpp0290715","A573R31",3.3,0.8,0.9498584
"P35","X",11908901,"G","GC","pot",-1,".",".",".",".",".","2654-2655-insfrshift",".","insfrshift","FBpp0073431","A573R31",0.2,0.129,0.153164667
"P35","X",11908907,"CG","C","pot",-1,".",".",".",".",".","2647-2647-delfrshift",".","delfrshift","FBpp0073431","A573R31",0.2,0.129,0.153164667
"P35","X",15345515,"GGA","G","CG6227",1,".",".",".",".",".","46-47-delfrshift",".","delfrshift","FBpp0073828","A573R31",1.8,0.105,0.124668915
"P37","2R",19491191,"G","A","Oseg6",-1,"C","T","GCT","GTT","S161S","C483T","AGC>AGT","Synonymous","FBpp0085689","A573R33",0.2,0.582,0.390911067
"P37","3R",14081691,"G","A","foxo",1,"G","A","AGC","AAC","Q554Q","G1662A","CAG>CAA","Synonymous","FBpp0293589","A573R33",5.2,0.32,0.21493392
"P37","4",547448,"C","CT","Thd1",-1,".",".",".",".",".","3432-3433-insfrshift",".","insfrshift","FBpp0311396","A573R33",1.4,0.149,0.1000786065
"P37","X",12706219,"GGCA","G","CG15725",1,".",".",".",".",".","23-25-delinframe",".","delinframe","FBpp0073518","A573R33",0.6,0.176,0.236427312
"P39","2L",16339748,"T","C","CG42266",-1,"A","G","GAG","GGG","R168R","A504G","AGA>AGG","Synonymous","FBpp0288874","B241R35",0,0.666,0.425095812
"P39","2R",16788421,"A","G","CG5522",1,"A","G","CAC","CGC","S52S","A156G","TCA>TCG","Synonymous","FBpp0086181","B241R35",0.4,0.358,0.228504956
"P39","2R",23322375,"T","C","CG30416",-1,"A","G","GAT","GGT","D307G","A920G","GAT>GGT","Missense","FBpp0309893","B241R35",0,0.666,0.425095812
"P39","2R",23322377,"G","A","CG30416",-1,"C","T","GCG","GTG","S306S","C918T","AGC>AGT","Synonymous","FBpp0309893","B241R35",0,0.572,0.365097304
"P39","3L",15554428,"C","A","AGO2",1,"C","A","CCA","CAA","P55Q","C164A","CCA>CAA","Missense","FBpp0075313","B241R35",6.3,0.666,0.425095812
"P39","3L",20162734,"C","CTGG","CG42674",-1,".",".",".",".",".","1437-1438-insfrshift",".","insfrshift","FBpp0291854","B241R35",0.6,0.1904,0.1215288928
"P39","X",18607794,"GT","G","CG15040",-1,".",".",".",".",".","4595-4595-delfrshift",".","delfrshift","FBpp0074389","B241R35",0.1,0.176,0.224675264
"P41","2L",561616,"T","C","CG11835",-1,"A","G","AAC","AGC","K522K","A1566G","AAA>AAG","Synonymous","FBpp0311648","B241R37",0.5,0.552,0.351494556
"P41","2L",6330351,"CG","C","PDZ-GEF",1,".",".",".",".",".","4431-4431-delfrshift",".","delfrshift","FBpp0078879","B241R37",0,0.1276,0.0812512778
"P41","2L",14713014,"GAGC","G","CG15282",1,".",".",".",".",".","203-205-delinframe",".","delinframe","FBpp0080224","B241R37",0.1,0.16,0.10188248
"P41","2R",10098872,"C","T","RpLP0-like",-1,"G","A","GGA","GAA","E164K","G490A","GAG>AAG","Missense","FBpp0087511","B241R37",44.8,0.1408,0.0896565824
"P41","2R",18021484,"G","C","CG10910",1,"G","C","TGA","TCA","E349Q","G1045C","GAA>CAA","Missense","FBpp0088573","B241R37",1.6,0.698,0.444462319
"P41","3L",4216943,"A","G","CG43367",1,"A","G","CAG","CGG","Q1958R","A5873G","CAG>CGG","Missense","FBpp0298310","B241R37",0.9,0.0952,0.0606200756
"P41","3L",7584568,"AG","A","CG14838",1,".",".",".",".",".","951-951-delfrshift",".","delfrshift","FBpp0076513","B241R37",0,0.151,0.0961515905
"P41","3R",18597136,"GGCT","G","CG14304",-1,".",".",".",".",".","1103-1105-delinframe",".","delinframe","FBpp0112989","B241R37",0,0.1334,0.0849445177
"P41","X",19513765,"ACAG","A","CG14200",1,".",".",".",".",".","2916-2918-delinframe",".","delinframe","FBpp0074490","B241R37",0.4,0.108,0.137541348
"P43","2L",13131597,"T","A","CG5122",1,"T","A","CTA","CAA","S272S","T816A","TCT>TCA","Synonymous","FBpp0080012","B241R39",0,0.388,0.265979238
"P43","2L",16339638,"T","G","CG42266",-1,"A","C","CAG","CCG","Q205P","A614C","CAG>CCG","Missense","FBpp0288874","B241R39",0,0.536,0.367435236
"P43","2R",20505202,"C","T","Obp57a",1,"C","T","TCT","TTT","L12F","C34T","CTT>TTT","Missense","FBpp0085606","B241R39",0,0.216,0.148070916
"P43","3L",3620813,"CTTAAAACACATTAACCTACAATATAGTAATACATTTT","C","CG14974",-1,".",".",".",".",".",NA,".",NA,"FBpp0072999","B241R39",0,0.53,0.363322155
"P43","3L",4898078,"C","T","CG13705",1,"C","T","CCC","CTC","P364P","C1092T","CCC>CCT","Synonymous","FBpp0073208","B241R39",5,0.342,0.234445617
"P43","3L",9715945,"G","C","vsg",1,"G","C","AGC","ACC","S92T","G275C","AGC>ACC","Missense","FBpp0076130","B241R39",71,0.334,0.228961509
"P43","3L",11289286,"C","A","CG6175",-1,"G","T","AGC","ATC","Q425H","G1275T","CAG>CAT","Missense","FBpp0305581","B241R39",0.9,0.1212,0.0830842362
"P43","3R",18655328,"C","T","CG31224",-1,"G","A","AGC","AAC","E480E","G1440A","GAG>GAA","Synonymous","FBpp0310714","B241R39",3.1,0.15,0.102827025
"P43","3R",26619387,"A","C","TwdlM",1,"A","C","GAG","GCG","G48G","A144C","GGA>GGC","Synonymous","FBpp0084401","B241R39",0,0.38,0.26049513
"P43","3R",26619402,"A","C","TwdlM",1,"A","C","GAG","GCG","G53G","A159C","GGA>GGC","Synonymous","FBpp0084401","B241R39",0,0.482,0.330417507
"P43","4",891152,"GT","G","unc-13",-1,".",".",".",".",".","1644-1644-delfrshift",".","delfrshift","FBpp0300963","B241R39",0.8,0.262,0.179604537
"P43","X",22866388,"TGCA","T","CG42346",1,".",".",".",".",".","201-203-delinframe",".","delinframe","FBpp0305379","B241R39",0.1,0.109,0.149441943
"P45a","2L",543848,"T","TGCA","Spp",-1,".",".",".",".",".","629-630-insfrshift",".","insfrshift","FBpp0077740","B241R41-1",65,0.272,0.163886528
"P45a","2L",1976664,"GCT","G","CG15356",-1,".",".",".",".",".","2948-2949-delfrshift",".","delfrshift","FBpp0077538","B241R41-1",0,0.1818,0.1095388632
"P45a","2L",9654360,"TC","T","Apoltp",1,".",".",".",".",".","11655-11655-delfrshift",".","delfrshift","FBpp0292877","B241R41-1",0,0.276,0.166296624
"P45a","2L",10679097,"A","G","CG17104",1,"A","G","AAG","AGG","E364E","A1092G","GAA>GAG","Synonymous","FBpp0311163","B241R41-1",0.6,0.572,0.344643728
"P45a","3R",5468769,"C","CGT","POLDIP2",1,".",".",".",".",".","680-681-insfrshift",".","insfrshift","FBpp0078330","B241R41-1",1.5,0.4,0.2410096
"P45a","3R",9794429,"AT","A","CG8516",1,".",".",".",".",".","660-660-delfrshift",".","delfrshift","FBpp0081619","B241R41-1",0.4,0.286,0.172321864
"P45a","3R",14081134,"TGCA","T","foxo",1,".",".",".",".",".","1290-1292-delinframe",".","delinframe","FBpp0293589","B241R41-1",5.2,0.38,0.22895912
"P45a","3R",29750002,"CAT","C","yata",1,".",".",".",".",".","213-214-delfrshift",".","delfrshift","FBpp0084843","B241R41-1",3.5,0.23,0.13858052
"P45a","3R",31360700,"CGGA","C","CG34347",1,".",".",".",".",".","2374-2376-delinframe",".","delinframe","FBpp0288485","B241R41-1",0.2,0.1666,0.1003804984
"P45a","4",1229947,"GT","G","Dyrk3",-1,".",".",".",".",".","26-26-delfrshift",".","delfrshift","FBpp0099818","B241R41-1",1.6,0.304,0.183167296
"P45a","X",10879901,"CA","C","Ork1",-1,".",".",".",".",".","1674-1674-delfrshift",".","delfrshift","FBpp0310181","B241R41-1",0,0.286,0.344643728
"P45a","X",11573022,"TC","T","Reepl1",1,".",".",".",".",".","222-222-delfrshift",".","delfrshift","FBpp0073360","B241R41-1",0,0.333,0.401280984
"P45a","X",14289239,"AGTG","A","CG9400",-1,".",".",".",".",".","123-125-delinframe",".","delinframe","FBpp0073737","B241R41-1",0,0.125,0.150631
"P45a","X",22866294,"GA","G","CG42346",1,".",".",".",".",".","107-107-delfrshift",".","delfrshift","FBpp0305379","B241R41-1",0.1,0.25,0.301262
"P47","2L",217985,"CT","C","kis",-1,".",".",".",".",".","11136-11136-delfrshift",".","delfrshift","FBpp0289115","B241R43",0,0.272,0.189311184
"P47","2L",9590087,"C","T","CG3841",1,"C","T","GCA","GTA","A141V","C422T","GCA>GTA","Missense","FBpp0079434","B241R43",0.3,0.666,0.463534002
"P47","2L",15050462,"AT","A","ck",-1,".",".",".",".",".","1830-1830-delfrshift",".","delfrshift","FBpp0310275","B241R43",0.2,0.23,0.16007931
"P47","2L",16607573,"C","A","CG4631",1,"C","A","TCC","TAC","V28V","C84A","GTC>GTA","Synonymous","FBpp0080428","B241R43",0.1,0.934,0.650061198
"P47","2R",8877284,"TC","T","RyR",1,".",".",".",".",".","7864-7864-delfrshift",".","delfrshift","FBpp0293114","B241R43",0,0.26,0.18095922
"P47","2R",10042779,"GT","G","CG34220",-1,".",".",".",".",".","597-597-delfrshift",".","delfrshift","FBpp0111328","B241R43",1.4,0.624,0.434302128
"P47","2R",10840839,"C","G","CG30015",-1,"G","C","TGA","TCA","V1199V","G3597C","GTG>GTC","Synonymous","FBpp0297485","B241R43",2.6,0.47,0.32711859
"P47","2R",10886092,"C","CG","CG18004",1,".",".",".",".",".","736-737-insfrshift",".","insfrshift","FBpp0088669","B241R43",1.6,0.272,0.189311184
"P47","2R",16168595,"G","A","lbk",1,"G","A","CGA","CAA","D1167N","G3499A","GAC>AAC","Missense","FBpp0291294","B241R43",5.9,0.322,0.224111034
"P47","2R",16648104,"GT","G","gprs",1,".",".",".",".",".","3235-3235-delfrshift",".","delfrshift","FBpp0086255","B241R43",0,0.4,0.2783988
"P47","2R",20586672,"CA","C","Nnf1a",-1,".",".",".",".",".","371-371-delfrshift",".","delfrshift","FBpp0085569","B241R43",21.9,0.228,0.158687316
"P47","2R",20664048,"GATT","G","Fem-1",-1,".",".",".",".",".","1186-1188-delinframe",".","delinframe","FBpp0085558","B241R43",1.8,0.23,0.16007931
"P47","2R",21943775,"CG","C","Fili",1,".",".",".",".",".","1517-1517-delfrshift",".","delfrshift","FBpp0111505","B241R43",0.1,0.24,0.16703928
"P47","2R",22592376,"T","TG","dnr1",-1,".",".",".",".",".","35-36-insfrshift",".","insfrshift","FBpp0071748","B241R43",14.6,0.1952,0.1358586144
"P47","2R",23561006,"CCA","C","Pi3K59F",1,".",".",".",".",".","360-361-delfrshift",".","delfrshift","FBpp0071973","B241R43",3.2,0.1818,0.1265322546
"P47","2R",25039115,"T","TACCTAAC","Nplp1",1,".",".",".",".",".","1201-1202-insfrshift",".","insfrshift","FBpp0288531","B241R43",0,0.476,0.331294572
"P47","3L",3825605,"AAGC","A","Rdh",1,".",".",".",".",".","83-85-delinframe",".","delinframe","FBpp0073012","B241R43",0.2,0.334,0.232462998
"P47","3L",6188077,"G","A","D19A",-1,"C","T","ACG","ATG","N301N","C903T","AAC>AAT","Synonymous","FBpp0076724","B241R43",3.4,0.286,0.199055142
"P47","3L",6188085,"A","G","D19A",-1,"T","C","GTA","GCA","Y299H","T895C","TAC>CAC","Missense","FBpp0076724","B241R43",3.4,0.286,0.199055142
"P47","3L",11162249,"CCAG","C","IRSp53",1,".",".",".",".",".","2632-2634-delinframe",".","delinframe","FBpp0075945","B241R43",0.2,0.334,0.232462998
"P47","3L",16084548,"T","TGC","CG13075",1,".",".",".",".",".","443-444-insfrshift",".","insfrshift","FBpp0290253","B241R43",0.3,0.1778,0.1237482666
"P47","3L",18676988,"A","AT","GNBP1",1,".",".",".",".",".","810-811-insfrshift",".","insfrshift","FBpp0074817","B241R43",3.4,0.242,0.168431274
"P47","3R",10349256,"C","CTCGCTGCTCGCTG","CG31406",1,".",".",".",".",".","274-275-insfrshift",".","insfrshift","FBpp0081714","B241R43",0,0.632,0.439870104
"P47","3R",10349258,"A","ACCTC","CG31406",1,".",".",".",".",".","276-277-insfrshift",".","insfrshift","FBpp0081714","B241R43",0,0.6,0.4175982
"P47","3R",10799950,"A","C","CG14692",-1,"T","G","ATT","AGT","N1105K","T3315G","AAT>AAG","Missense","FBpp0312494","B241R43",0,0.6,0.4175982
"P47","3R",12009894,"C","CCCG","KLHL18",-1,".",".",".",".",".","382-383-insfrshift",".","insfrshift","FBpp0307415","B241R43",0.8,0.272,0.189311184
"P47","3R",24125629,"GC","G","Root",1,".",".",".",".",".","4350-4350-delfrshift",".","delfrshift","FBpp0308352","B241R43",0.1,0.26,0.18095922
"P47","3R",25922436,"CT","C","CG14546",-1,".",".",".",".",".","61-61-delfrshift",".","delfrshift","FBpp0084357","B241R43",0,0.352,0.244990944
"P47","X",1885393,"C","CAG","trr",-1,".",".",".",".",".","4383-4384-insfrshift",".","insfrshift","FBpp0070347","B241R43",0.5,0.125,0.17399925
"P47","X",8139640,"C","CGT","Smox",-1,".",".",".",".",".","1043-1044-insfrshift",".","insfrshift","FBpp0071140","B241R43",21.3,0.125,0.17399925
"P47","X",8559232,"C","G","CG12112",-1,"G","C","GGA","GCA","E199Q","G595C","GAG>CAG","Missense","FBpp0071177","B241R43",7.2,0.308,0.428734152
"P47","X",19744990,"ACAT","A","Rpp20",1,".",".",".",".",".","390-392-delinframe",".","delinframe","FBpp0311904","B241R43",0,0.105,0.14615937
"P49","2L",17441570,"C","A","dl",-1,"G","T","AGT","ATT","V407L","G1219T","GTG>TTG","Missense","FBpp0309222","B241R45",9,0.206,0.140180631
"P49","2L",17441574,"C","T","dl",-1,"G","A","AGT","AAT","Q405Q","G1215A","CAG>CAA","Synonymous","FBpp0309222","B241R45",9,0.1666,0.1133693841
"P49","2L",18204222,"T","C","CG42750",-1,"A","G","AAC","AGC","Q469Q","A1407G","CAA>CAG","Synonymous","FBpp0292372","B241R45",0,0.666,0.453205341
"P49","2R",23976268,"T","A","PPP1R15",-1,"A","T","AAG","ATG","E208D","A624T","GAA>GAT","Missense","FBpp0072113","B241R45",34.3,0.434,0.295332009
"P49","3L",13506273,"ACAG","A","Spt20",1,".",".",".",".",".","2797-2799-delinframe",".","delinframe","FBpp0075554","B241R45",0.7,0.138,0.093907413
"P49","3L",14024818,"G","GC","Ptip",-1,".",".",".",".",".","3517-3518-insfrshift",".","insfrshift","FBpp0075526","B241R45",0.8,0,0
"P49","3R",19978782,"G","GACACAACGAGA","CG31213",1,".",".",".",".",".","5199-5200-insfrshift",".","insfrshift","FBpp0307229","B241R45",0,0,0
"P49","3R",19978784,"G","GC","CG31213",1,".",".",".",".",".","5201-5202-insfrshift",".","insfrshift","FBpp0307229","B241R45",0,0,0
"P49","3R",25398697,"A","T","Muc96D",-1,"T","A","CTA","CAA","T620T","T1860A","ACT>ACA","Synonymous","FBpp0084219","B241R45",0,0.576,0.391961376
"P49","3R",29181533,"C","G","jus",-1,"G","C","AGC","ACC","S60T","G179C","AGC>ACC","Missense","FBpp0112216","B241R45",0.1,0.408,0.277639308
"P5","2L",7016149,"G","A","Gart",-1,"C","T","CCC","CTC","P1000L","C2999T","CCC>CTC","Missense","FBpp0308722","HUM-7",20.4,0.4,0.2791688
"P5","2L",16803455,"GC","G","CG13280",-1,".",".",".",".",".","284-284-delfrshift",".","delfrshift","FBpp0080485","HUM-7",0,0.352,0.245668544
"P5","2R",4829409,"G","A","CG14464",1,"G","A","CGA","CAA","E35K","G103A","GAA>AAA","Missense","FBpp0289201","HUM-7",28.7,0.2,0.1395844
"P5","2R",8996565,"ACTG","A","Np",-1,".",".",".",".",".","1521-1523-delinframe",".","delinframe","FBpp0111472","HUM-7",0,0.24,0.16750128
"P5","2R",10234009,"TTGC","T","CG12912",-1,".",".",".",".",".","201-203-delinframe",".","delinframe","FBpp0087453","HUM-7",0,0.25,0.1744805
"P5","2R",17413256,"C","T","Prosalpha5",1,"C","T","GCC","GTC","C96C","C288T","TGC>TGT","Synonymous","FBpp0086066","HUM-7",83.2,0.4,0.2791688
"P5","2R",17587754,"C","T","RhoGAP54D",-1,"G","A","CGA","CAA","D710N","G2128A","GAC>AAC","Missense","FBpp0302900","HUM-7",0.2,0.666,0.464816052
"P5","3L",3163634,"G","GT","rasp",1,".",".",".",".",".","1435-1436-insfrshift",".","insfrshift","FBpp0072893","HUM-7",5.4,0.714,0.498316308
"P5","3L",11683331,"T","A","TfIIEalpha",1,"T","A","GTA","GAA","G340G","T1020A","GGT>GGA","Synonymous","FBpp0075839","HUM-7",14.7,0.534,0.372690348
"P5","3L",19843256,"ACAG","A","kto",1,".",".",".",".",".","6055-6057-delinframe",".","delinframe","FBpp0074653","HUM-7",0.9,0.1714,0.1196238308
"P5","3R",2136970,"CA","C","Myo81F",1,".",".",".",".",".","4517-4517-delfrshift",".","delfrshift","FBpp0352251","HUM-7",0,0.316,0.220543352
"P5","3R",5716442,"C","T","cas",-1,"G","A","AGC","AAC","Q57Q","G171A","CAG>CAA","Synonymous","FBpp0078374","HUM-7",0.1,0.3,0.2093766
"P5","3R",20820214,"CTGCTGCTGT","C","CG17271",-1,".",".",".",".",".","816-824-delinframe",".","delinframe","FBpp0083397","HUM-7",19.3,0.422,0.294523084
"P5","X",3693610,"ACAG","A","Mnt",1,".",".",".",".",".","127-129-delinframe",".","delinframe","FBpp0291035","HUM-7",2.3,0.13,0.18145972
"P51","2L",3110134,"CAT","C","PpD6",1,".",".",".",".",".","416-417-delfrshift",".","delfrshift","FBpp0077344","B241R49",0,0.1568,0.10026772
"P51","2L",4495405,"CA","C","dpy",-1,".",".",".",".",".","54740-54740-delfrshift",".","delfrshift","FBpp0304622","B241R49",0,0.1404,0.089780535
"P51","2L",7866090,"TTGC","T","Proc",-1,".",".",".",".",".","234-236-delinframe",".","delinframe","FBpp0310066","B241R49",0,0.47,0.300547375
"P51","2L",18475942,"TTGC","T","CG10283",-1,".",".",".",".",".","783-785-delinframe",".","delinframe","FBpp0289900","B241R49",5.9,0.286,0.182886275
"P51","2L",21233164,"T","A","CG31626",-1,"A","T","CAG","CTG","P113P","A339T","CCA>CCT","Synonymous","FBpp0081015","B241R49",0,0.47,0.300547375
"P51","2R",18283464,"TTGC","T","sbb",-1,".",".",".",".",".","3978-3980-delinframe",".","delinframe","FBpp0290765","B241R49",1.5,0.2,0.1278925
"P51","3L",2128468,"GTGT","G","zormin",-1,".",".",".",".",".","7370-7372-delinframe",".","delinframe","FBpp0304429","B241R49",0.1,0,0
"P51","3L",11078124,"CGAT","C","CG7839",1,".",".",".",".",".","3082-3084-delinframe",".","delinframe","FBpp0075937","B241R49",5.6,0.186,0.118940025
"P51","3L",11397819,"T","C","CG44362",1,"T","C","TTT","TCT","F93S","T278C","TTT>TCT","Missense","FBpp0308958","B241R49",0,0.38,0.24299575
"P51","3L",19642494,"CGCA","C","CG8786",-1,".",".",".",".",".","171-173-delinframe",".","delinframe","FBpp0304246","B241R49",0.5,0.26,0.16626025
"P51","3R",5550192,"G","A","mia",-1,"C","T","CCG","CTG","S143S","C429T","TCC>TCT","Synonymous","FBpp0088355","B241R49",0.3,0.466,0.297989525
"P51","3R",24872965,"C","A","CG3744",-1,"G","T","AGG","ATG","E888D","G2664T","GAG>GAT","Missense","FBpp0306644","B241R49",0.4,0.648,0.4143717
"P51","3R",25649913,"T","C","jigr1",1,"T","C","CTT","CCT","L293L","T877C","TTG>CTG","Synonymous","FBpp0112199","B241R49",2.3,0.334,0.213580475
"P51","X",2370904,"CGA","C","PsGEF",-1,".",".",".",".",".","6282-6283-delfrshift",".","delfrshift","FBpp0305709","B241R49",0,0.143,0.182886275
"P51","X",7868473,"TGTG","T","dec-1",-1,".",".",".",".",".","4344-4346-delinframe",".","delinframe","FBpp0071097","B241R49",0,0.143,0.182886275
"P51","X",9281199,"G","GCCT","c11.1",-1,".",".",".",".",".","524-525-insfrshift",".","insfrshift","FBpp0071261","B241R49",3.6,0.143,0.182886275
"P51","X",21356217,"AGG","A","sol",1,".",".",".",".",".","3768-3769-delfrshift",".","delfrshift","FBpp0088620","B241R49",1.9,0.118,0.15091315
"P53","3L",9753140,"CTGT","C","CG42268",-1,".",".",".",".",".","234-236-delinframe",".","delinframe","FBpp0303927","B241R51",0.4,0.1096,0.0724881248
"P53","3L",11964108,"C","G","prc",-1,"G","C","AGC","ACC","S215T","G644C","AGC>ACC","Missense","FBpp0075796","B241R51",0.1,0.51,0.33730788
"P53","3R",25400047,"C","A","Muc96D",-1,"G","T","CGT","CTT","T170T","G510T","ACG>ACT","Synonymous","FBpp0084219","B241R51",0,0.376,0.248681888
"P53","3R",25400056,"A","T","Muc96D",-1,"T","A","CTA","CAA","T167T","T501A","ACT>ACA","Synonymous","FBpp0084219","B241R51",0,0.382,0.252650216
"P53","X",13728113,"A","T","g",-1,"T","A","CTG","CAG","S1008S","T3024A","TCT>TCA","Synonymous","FBpp0073673","B241R51",1.6,0.348,0.460326048
"P53","X",19259072,"G","A","rictor",-1,"C","T","GCC","GTC","C192C","C576T","TGC>TGT","Synonymous","FBpp0074458","B241R51",7.1,0.0952,0.1259282752
"P55","2L",17287321,"T","C","CG15140",1,"T","C","CTG","CCG","P290P","T870C","CCT>CCC","Synonymous","FBpp0291600","B241R53",0,0.412,0.21294838
"P55","2R",23489939,"GGTT","G","CG43795",1,".",".",".",".",".","3280-3282-delinframe",".","delinframe","FBpp0304311","B241R53",0.4,0.1818,0.093966057
"P55","2R",23747706,"G","C","CG13560",1,"G","C","GGA","GCA","G36G","G108C","GGG>GGC","Synonymous","FBpp0311635","B241R53",0,0.53,0.27393845
"P55","3L",5483177,"G","A","CG4835",1,"G","A","AGT","AAT","E1063E","G3189A","GAG>GAA","Synonymous","FBpp0305790","B241R53",0.1,0.358,0.18503767
"P55","3R",10768967,"CT","C","CG45076",-1,".",".",".",".",".","1109-1109-delfrshift",".","delfrshift","FBpp0310814","B241R53",0,0.286,0.14782339
"P55","X",15685314,"G","GGAGATA","CG15599",-1,".",".",".",".",".","3257-3258-insfrshift",".","insfrshift","FBpp0312520","B241R53",0,0.0417,0.043106541
"P57","2L",4647640,"C","A","CG43798",1,"C","A","TCC","TAC","P140T","C418A","CCT>ACT","Missense","FBpp0304328","B241R55",0,0.624,0.441658152
"P57","2L",16506467,"TCTG","T","Tpr2",1,".",".",".",".",".","1054-1056-delinframe",".","delinframe","FBpp0305671","B241R55",5.8,0.1454,0.1029120117
"P57","2L",17287321,"T","C","CG15140",1,"T","C","CTG","CCG","P290P","T870C","CCT>CCC","Synonymous","FBpp0291600","B241R55",0,0.342,0.242062641
"P57","2R",8012648,"C","T","CG14762",-1,"G","A","AGG","AAG","Q27Q","G81A","CAG>CAA","Synonymous","FBpp0293292","B241R55",0,0.61,0.431749155
"P57","3L",1658068,"G","T","CG7971",-1,"C","A","CCA","CAA","S684S","C2052A","TCC>TCA","Synonymous","FBpp0292226","B241R55",2.2,0.382,0.270374061
"P57","3L",6749671,"CCTG","C","velo",-1,".",".",".",".",".","1630-1632-delinframe",".","delinframe","FBpp0076659","B241R55",2.1,0.16,0.11324568
"P57","3R",7195761,"A","G","lap",1,"A","G","AAC","AGC","Q620Q","A1860G","CAA>CAG","Synonymous","FBpp0291394","B241R55",1.6,0.418,0.295854339
"P59","2L",4865534,"A","G","smog",1,"A","G","AAC","AGC","T78A","A232G","ACA>GCA","Missense","FBpp0293448","B241R57",0.1,0.6,0.3695508
"P59","2L",4865539,"A","T","smog",1,"A","T","CAG","CTG","A79A","A237T","GCA>GCT","Synonymous","FBpp0293448","B241R57",0.1,0.572,0.352305096
"P59","2L",8827912,"GGCA","G","SoxN",1,".",".",".",".",".","1420-1422-delinframe",".","delinframe","FBpp0079335","B241R57",0.1,0.462,0.284554116
"P59","2L",15759030,"G","C","Gli",-1,"C","G","ACA","AGA","Q354E","C1060G","CAG>GAG","Missense","FBpp0080328","B241R57",1.7,0.572,0.352305096
"P59","2L",19042233,"T","C","Catsup",1,"T","C","ATC","ACC","H96H","T288C","CAT>CAC","Synonymous","FBpp0080687","B241R57",10.6,0.562,0.346145916
"P59","2L",19042236,"T","C","Catsup",1,"T","C","ATC","ACC","H97H","T291C","CAT>CAC","Synonymous","FBpp0080687","B241R57",10.6,0.546,0.336291228
"P59","2R",13691997,"ACGG","A","CG6220",-1,".",".",".",".",".","1040-1042-delinframe",".","delinframe","FBpp0086776","B241R57",0,0.1428,0.0879530904
"P59","3L",2042138,"TCG","T","sls",-1,".",".",".",".",".","54237-54238-delfrshift",".","delfrshift","FBpp0304920","B241R57",0,0.1904,0.1172707872
"P59","3L",3831978,"G","A","enc",1,"G","A","AGC","AAC","Q226Q","G678A","CAG>CAA","Synonymous","FBpp0305410","B241R57",0.9,0.37,0.22788966
"P59","3L",15073084,"GAA","G","Plp",-1,".",".",".",".",".","4855-4856-delfrshift",".","delfrshift","FBpp0297121","B241R57",0.1,0.1904,0.1172707872
"P59","3R",30055642,"C","T","spn-A",-1,"G","A","GGT","GAT","V79M","G235A","GTG>ATG","Missense","FBpp0084955","B241R57",0.5,0.62,0.38186916
"P59","X",1076276,"G","GCA","CG3655",-1,".",".",".",".",".","919-920-insfrshift",".","insfrshift","FBpp0303758","B241R57",0.6,0.118,0.145356648
"P59","X",10153827,"G","T","CG12645",1,"G","T","TGC","TTC","M72I","G216T","ATG>ATT","Missense","FBpp0111886","B241R57",0,0.167,0.205716612
"P59","X",15111222,"CGCA","C","Rab3-GEF",1,".",".",".",".",".","5625-5627-delinframe",".","delinframe","FBpp0402897","B241R57",0,0.138,0.169993368
"P61","2L",10679187,"A","G","CG17104",1,"A","G","AAG","AGG","E394E","A1182G","GAA>GAG","Synonymous","FBpp0311163","B241R59",0.6,0.572,0.36922886
"P61","2L",17973171,"ACAG","A","CG5674",1,".",".",".",".",".","1249-1251-delinframe",".","delinframe","FBpp0080574","B241R59",0.8,0.214,0.13813807
"P61","2R",17166245,"GCGGGGGCGGGCTGGTAGA","G","CG10953",-1,".",".",".",".",".","122-139-delinframe",".","delinframe","FBpp0086149","B241R59",0,0,0
"P61","2R",20112951,"T","A","18w",1,"T","A","CTG","CAG","L356Q","T1067A","CTG>CAG","Missense","FBpp0085620","B241R59",2.6,1,0.67907126
"P61","3L",11115512,"TCTG","T","FoxK",-1,".",".",".",".",".","1876-1878-delinframe",".","delinframe","FBpp0290009","B241R59",1.2,0.228,0.14717514
"P61","3L",11167846,"GA","G","wls",-1,".",".",".",".",".","1377-1377-delfrshift",".","delfrshift","FBpp0075947","B241R59",3.8,0.4,0.258202
"P61","3R",18173983,"T","A","wrd",1,"T","A","CTG","CAG","S233S","T699A","TCT>TCA","Synonymous","FBpp0082978","B241R59",1,0.364,0.23496382
"P63","3L",7624681,"AGC","A","Pura",1,".",".",".",".",".","2280-2281-delfrshift",".","delfrshift","FBpp0088791","B241R61",0.1,0,0
"P63","3L",7624684,"AACAGCAG","A","Pura",1,".",".",".",".",".","2283-2289-delfrshift",".","delfrshift","FBpp0088791","B241R61",0.1,0,0
"P63","3R",24371888,"CGAG","C","CG17782",-1,".",".",".",".",".","624-626-delinframe",".","delinframe","FBpp0084008","B241R61",0,0.164,0.115444684
"P63","3R",25190186,"G","C","dan",1,"G","C","GGA","GCA","G83A","G248C","GGA>GCA","Missense","FBpp0303321","B241R61",0,0.44,0.30972964
"P63","3R",29181533,"C","G","jus",-1,"G","C","AGC","ACC","S60T","G179C","AGC>ACC","Missense","FBpp0112216","B241R61",0.1,0.308,0.216810748
"P65","2L",4940854,"A","G","Sgs1",1,"A","G","GAC","GGC","T1117A","A3349G","ACA>GCA","Missense","FBpp0077084","B241R63",0,0.61,0.4253896
"P65","2L",8993217,"A","C","CG9555",1,"A","C","GAT","GCT","R245S","A735C","AGA>AGC","Missense","FBpp0079362","B241R63",4,0.334,0.23291824
"P65","2L",15068806,"G","T","solo",1,"G","T","GGG","GTG","G116G","G348T","GGG>GGT","Synonymous","FBpp0401449","B241R63",8.1,0.384,0.26778624
"P65","2L",15068806,"G","T","vas",1,"G","T","GGG","GTG","G116G","G348T","GGG>GGT","Synonymous","FBpp0401446","B241R63",8.1,0.384,0.26778624
"P65","2R",5020334,"G","A","Ir41a",1,"G","A","GGG","GAG","W279*","G837A","TGG>TGA","Nonsense","FBpp0307916","B241R63",0,0.85,0.592756
"P65","2R",7945458,"A","C","CG34431",1,"A","C","TAT","TCT","L207L","A621C","CTA>CTC","Synonymous","FBpp0111644","B241R63",0.1,0.24,0.1673664
"P65","2R",7995991,"CTGCTGCTGT","C","Hey",-1,".",".",".",".",".","939-947-delinframe",".","delinframe","FBpp0087945","B241R63",0.3,0.242,0.16876112
"P65","2R",24752732,"G","GTCCTCCTGC","Usp15-31",1,".",".",".",".",".","718-719-insfrshift",".","insfrshift","FBpp0072276","B241R63",1.6,0.38,0.2649968
"P65","3L",6024661,"CA","C","PVRAP",1,".",".",".",".",".","656-656-delfrshift",".","delfrshift","FBpp0076745","B241R63",0,0.23,0.1603928
"P65","3L",11132161,"TG","T","CG32074",-1,".",".",".",".",".","159-159-delfrshift",".","delfrshift","FBpp0075951","B241R63",0,0.32,0.2231552
"P65","3R",14427299,"A","G","cv-c",-1,"T","C","TTG","TCG","L557S","T1670C","TTG>TCG","Missense","FBpp0111544","B241R63",7.2,0.414,0.28870704
"P65","3R",26630461,"GCAA","G","TwdlJ",1,".",".",".",".",".","507-509-delinframe",".","delinframe","FBpp0113030","B241R63",0,0.24,0.1673664
"P65","3R",30111896,"ACAG","A","sima",1,".",".",".",".",".","3697-3699-delinframe",".","delinframe","FBpp0310749","B241R63",0,0.1778,0.123990608
"P65","X",2882908,"TTGC","T","CG14418",-1,".",".",".",".",".","639-641-delinframe",".","delinframe","FBpp0070540","B241R63",0,0.214,0.29847008
"P65","X",10223196,"TCAG","T","CG34408",1,".",".",".",".",".","1402-1404-delinframe",".","delinframe","FBpp0309777","B241R63",0.6,0.25,0.34868
"P65","X",10575899,"GTTGTTT","G","spri",-1,".",".",".",".",".","282-287-delinframe",".","delinframe","FBpp0302587","B241R63",0.2,0.1,0.139472
"P7","2L",543686,"GCGTT","G","Spp",-1,".",".",".",".",".","787-790-delfrshift",".","delfrshift","FBpp0077740","A373R1",65,0.222,0.149252265
"P7","2L",953160,"T","TG","CG4341",1,".",".",".",".",".","1636-1637-insfrshift",".","insfrshift","FBpp0077614","A373R1",0,0.25,0.168076875
"P7","2L",1494402,"GCAA","G","CG33128",1,".",".",".",".",".","258-260-delinframe",".","delinframe","FBpp0077595","A373R1",0,0.1622,0.1090482765
"P7","2L",2205812,"G","T","CG31668",-1,"C","A","GCG","GAG","R51S","C151A","CGT>AGT","Missense","FBpp0300178","A373R1",0,0.334,0.224550705
"P7","2L",2268963,"ACTC","A","CG17242",-1,".",".",".",".",".","128-130-delinframe",".","delinframe","FBpp0077480","A373R1",0,0.444,0.29850453
"P7","2L",2950309,"CCA","C","lilli",1,".",".",".",".",".","3488-3489-delfrshift",".","delfrshift","FBpp0288480","A373R1",0.2,0.1904,0.128007348
"P7","2L",3109948,"GT","G","PpD6",1,".",".",".",".",".","230-230-delfrshift",".","delfrshift","FBpp0077344","A373R1",0,0.244,0.16404303
"P7","2L",7792410,"T","TG","LKRSDH",-1,".",".",".",".",".","2256-2257-insfrshift",".","insfrshift","FBpp0079118","A373R1",1.2,0.276,0.18555687
"P7","2L",9328235,"TCG","T","CG17005",1,".",".",".",".",".","385-386-delfrshift",".","delfrshift","FBpp0307607","A373R1",0,0.296,0.19900302
"P7","2L",9938353,"GC","G","Apf",-1,".",".",".",".",".","327-327-delfrshift",".","delfrshift","FBpp0079490","A373R1",23.9,0.24,0.1613538
"P7","2L",9965510,"TG","T","Dref",-1,".",".",".",".",".","1284-1284-delfrshift",".","delfrshift","FBpp0079485","A373R1",1.4,0.32,0.2151384
"P7","2L",9986819,"CA","C","bib",1,".",".",".",".",".","229-229-delfrshift",".","delfrshift","FBpp0079519","A373R1",1.7,0.228,0.15328611
"P7","2L",10027264,"AT","A","CG13127",1,".",".",".",".",".","504-504-delfrshift",".","delfrshift","FBpp0079523","A373R1",0,0.1952,0.131234424
"P7","2L",10253852,"CT","C","Ror",1,".",".",".",".",".","1450-1450-delfrshift",".","delfrshift","FBpp0079568","A373R1",4.5,0.4,0.268923
"P7","2L",10279197,"G","A","CG34043",-1,"C","T","CCA","CTA","A313A","C939T","GCC>GCT","Synonymous","FBpp0289637","A373R1",0.2,0.428,0.28774761
"P7","2L",11506572,"GA","G","spz4",1,".",".",".",".",".","529-529-delfrshift",".","delfrshift","FBpp0293785","A373R1",0,0.222,0.149252265
"P7","2L",13167961,"AGTTGCGATC","A","Sirt1",1,".",".",".",".",".","1793-1801-delinframe",".","delinframe","FBpp0080015","A373R1",16.5,0.174,0.116981505
"P7","2L",14811069,"CTA","C","CG33309",1,".",".",".",".",".","204-205-delfrshift",".","delfrshift","FBpp0080236","A373R1",0,0.26,0.17479995
"P7","2L",17455354,"A","C","SPH93",-1,"T","G","ATC","AGC","S157A","T469G","TCA>GCA","Missense","FBpp0080557","A373R1",0,0.858,0.576839835
"P7","2L",17719423,"ACCCTTGT","A","CadN",-1,".",".",".",".",".","2495-2501-delfrshift",".","delfrshift","FBpp0099721","A373R1",0,0.2,0.1344615
"P7","2L",17799391,"TTC","T","CadN2",-1,".",".",".",".",".","2226-2227-delfrshift",".","delfrshift","FBpp0300935","A373R1",0,0.222,0.149252265
"P7","2L",20835178,"C","A","Oseg5",-1,"G","T","AGC","ATC","A122S","G364T","GCA>TCA","Missense","FBpp0288481","A373R1",0.7,0.286,0.192279945
"P7","2R",5758149,"C","CTG","CG7791",-1,".",".",".",".",".","2047-2048-insfrshift",".","insfrshift","FBpp0085393","A373R1",16.6,0.24,0.1613538
"P7","2R",7280231,"CCA","C","Incenp",1,".",".",".",".",".","1313-1314-delfrshift",".","delfrshift","FBpp0307848","A373R1",8.7,0.422,0.283713765
"P7","2R",7664680,"G","GC","CG2065",1,".",".",".",".",".","519-520-insfrshift",".","insfrshift","FBpp0087996","A373R1",41.3,0.24,0.1613538
"P7","2R",8101497,"G","GC","CG11210",1,".",".",".",".",".","1875-1876-insfrshift",".","insfrshift","FBpp0087859","A373R1",2.4,0.348,0.23396301
"P7","2R",8616410,"CG","C","Cirl",1,".",".",".",".",".","134-134-delfrshift",".","delfrshift","FBpp0302596","A373R1",2.9,0.214,0.143873805
"P7","2R",9818063,"C","CA","lectin-46Ca",1,".",".",".",".",".","612-613-insfrshift",".","insfrshift","FBpp0087560","A373R1",0,0.484,0.32539683
"P7","2R",11265321,"TGTA","T","Cpr47Ee",1,".",".",".",".",".","7-9-delinframe",".","delinframe","FBpp0087215","A373R1",0,0.352,0.23665224
"P7","2R",11386748,"G","GT","sprt",-1,".",".",".",".",".","397-398-insfrshift",".","insfrshift","FBpp0087243","A373R1",11.4,0.21,0.141184575
"P7","2R",11405805,"TGAG","T","Smyd4-3",1,".",".",".",".",".","121-123-delinframe",".","delinframe","FBpp0087232","A373R1",0,0.1904,0.128007348
"P7","2R",11854449,"CGATCA","C","Mtor",1,".",".",".",".",".","1254-1258-delfrshift",".","delfrshift","FBpp0087140","A373R1",1.7,0.1818,0.1222255035
"P7","2R",11983604,"AG","A","RnrS",-1,".",".",".",".",".","1006-1006-delfrshift",".","delfrshift","FBpp0087152","A373R1",40.1,0.214,0.143873805
"P7","2R",12754042,"GGT","G","Taz",-1,".",".",".",".",".","550-551-delfrshift",".","delfrshift","FBpp0086975","A373R1",0.7,0.616,0.41414142
"P7","2R",15570424,"GCA","G","Cdk5",-1,".",".",".",".",".","653-654-delfrshift",".","delfrshift","FBpp0086483","A373R1",11.6,0.228,0.15328611
"P7","2R",17166247,"G","C","CG10953",-1,"C","G","CCG","CGG","P46P","C138G","CCC>CCG","Synonymous","FBpp0086149","A373R1",0,0.8,0.537846
"P7","2R",21155868,"CA","C","CG30389",-1,".",".",".",".",".","149-149-delfrshift",".","delfrshift","FBpp0303268","A373R1",0.8,0.222,0.149252265
"P7","2R",21213402,"C","A","CG4302",-1,"G","T","TGG","TTG","G389C","G1165T","GGT>TGT","Missense","FBpp0071551","A373R1",0.1,0.258,0.173455335
"P7","2R",22381867,"AC","A","wrapper",1,".",".",".",".",".","1127-1127-delfrshift",".","delfrshift","FBpp0071732","A373R1",0.1,0.3,0.20169225
"P7","2R",22912637,"CT","C","nahoda",1,".",".",".",".",".","1960-1960-delfrshift",".","delfrshift","FBpp0071853","A373R1",0.2,0.222,0.149252265
"P7","2R",23737156,"C","A","egl",-1,"G","T","GGA","GTA","D561Y","G1681T","GAC>TAC","Missense","FBpp0113078","A373R1",6.8,0.334,0.224550705
"P7","2R",23813384,"CT","C","CG4797",-1,".",".",".",".",".","643-643-delfrshift",".","delfrshift","FBpp0072148","A373R1",0,0.24,0.1613538
"P7","2R",23901272,"T","TG","Lpt",1,".",".",".",".",".","2359-2360-insfrshift",".","insfrshift","FBpp0072043","A373R1",2.7,0.286,0.192279945
"P7","2R",24762758,"ATC","A","CG12848",-1,".",".",".",".",".","213-214-delfrshift",".","delfrshift","FBpp0302052","A373R1",47.1,0.2,0.1344615
"P7","3L",256679,"CT","C","DIP2",-1,".",".",".",".",".","522-522-delfrshift",".","delfrshift","FBpp0072420","A373R1",1.5,0.23,0.154630725
"P7","3L",272452,"TA","T","CG32845",-1,".",".",".",".",".","918-918-delfrshift",".","delfrshift","FBpp0072418","A373R1",0.5,0.308,0.20707071
"P7","3L",276107,"CG","C","ttm2",1,".",".",".",".",".","771-771-delfrshift",".","delfrshift","FBpp0072407","A373R1",1.9,0.4,0.268923
"P7","3L",356932,"CTT","C","CG1231",1,".",".",".",".",".","512-513-delfrshift",".","delfrshift","FBpp0072445","A373R1",0.1,0.24,0.1613538
"P7","3L",368128,"T","TGG","trh",-1,".",".",".",".",".","2424-2425-insfrshift",".","insfrshift","FBpp0306032","A373R1",0,0.16,0.1075692
"P7","3L",1423067,"AG","A","CG9173",-1,".",".",".",".",".","295-295-delfrshift",".","delfrshift","FBpp0072604","A373R1",0,0.266,0.178833795
"P7","3L",3170136,"AC","A","CG32281",1,".",".",".",".",".","636-636-delfrshift",".","delfrshift","FBpp0072898","A373R1",1,0.266,0.178833795
"P7","3L",5136627,"GA","G","CG4611",1,".",".",".",".",".","157-157-delfrshift",".","delfrshift","FBpp0076868","A373R1",11.5,0.422,0.283713765
"P7","3L",6051594,"TGCTG","T","Jon65Aiii",1,".",".",".",".",".","760-763-delfrshift",".","delfrshift","FBpp0076749","A373R1",383.9,0.26,0.17479995
"P7","3L",6960632,"TCG","T","sgl",-1,".",".",".",".",".","983-984-delfrshift",".","delfrshift","FBpp0076647","A373R1",18.9,0.1904,0.128007348
"P7","3L",7325411,"AT","A","Rint1",1,".",".",".",".",".","1518-1518-delfrshift",".","delfrshift","FBpp0076549","A373R1",4.7,0.272,0.18286764
"P7","3L",7721019,"CGT","C","CG12262",1,".",".",".",".",".","919-920-delfrshift",".","delfrshift","FBpp0076520","A373R1",2.4,0.24,0.1613538
"P7","3L",8969811,"GAGC","G","CG5026",1,".",".",".",".",".","725-727-delinframe",".","delinframe","FBpp0290364","A373R1",0.6,0.21,0.141184575
"P7","3L",9633099,"CCCGAGAACTGAGCAAAT","C","fry",-1,".",".",".",".",".","9686-9702-delfrshift",".","delfrshift","FBpp0297352","A373R1",1.2,0.16,0.1075692
"P7","3L",9669425,"CT","C","fry",-1,".",".",".",".",".","2207-2207-delfrshift",".","delfrshift","FBpp0297352","A373R1",1.2,0.25,0.168076875
"P7","3L",11121393,"T","TC","mRpL2",1,".",".",".",".",".","452-453-insfrshift",".","insfrshift","FBpp0075941","A373R1",15.5,0.24,0.1613538
"P7","3L",11778805,"GA","G","CG14131",1,".",".",".",".",".","704-704-delfrshift",".","delfrshift","FBpp0075760","A373R1",1.3,0.692,0.46523679
"P7","3L",12125880,"GAT","G","Ir68b",-1,".",".",".",".",".","1513-1514-delfrshift",".","delfrshift","FBpp0075758","A373R1",0,0.1904,0.128007348
"P7","3L",12535813,"A","AT","CG4069",-1,".",".",".",".",".","1229-1230-insfrshift",".","insfrshift","FBpp0075697","A373R1",11.5,0.272,0.18286764
"P7","3L",15300407,"CTT","C","Best4",1,".",".",".",".",".","1157-1158-delfrshift",".","delfrshift","FBpp0112085","A373R1",0,0.2,0.1344615
"P7","3L",16903546,"AT","A","Lmpt",1,".",".",".",".",".","3249-3249-delfrshift",".","delfrshift","FBpp0291926","A373R1",8.2,0.1876,0.126124887
"P7","3L",17424914,"CTG","C","Sec3",-1,".",".",".",".",".","184-185-delfrshift",".","delfrshift","FBpp0074993","A373R1",0,0.26,0.17479995
"P7","3L",19464395,"C","G","CG14095",-1,"G","C","CGT","CCT","V76L","G226C","GTA>CTA","Missense","FBpp0074755","A373R1",0,0.534,0.359012205
"P7","3L",20208897,"GCAC","G","CG6996",1,".",".",".",".",".","1035-1037-delinframe",".","delinframe","FBpp0291861","A373R1",0,0.206,0.138495345
"P7","3L",21676355,"GGC","G","Als2",-1,".",".",".",".",".","2960-2961-delfrshift",".","delfrshift","FBpp0078116","A373R1",1.4,0.23,0.154630725
"P7","3R",4648038,"T","TC","rpk",1,".",".",".",".",".","1606-1607-insfrshift",".","insfrshift","FBpp0293856","A373R1",0,0.272,0.18286764
"P7","3R",5175316,"T","TCG","cno",-1,".",".",".",".",".","4790-4791-insfrshift",".","insfrshift","FBpp0312543","A373R1",1.2,0.296,0.19900302
"P7","3R",5754643,"GACTTT","G","CG2091",-1,".",".",".",".",".","30-34-delfrshift",".","delfrshift","FBpp0078327","A373R1",11.4,0.272,0.18286764
"P7","3R",5807103,"TC","T","CG11000",1,".",".",".",".",".","264-264-delfrshift",".","delfrshift","FBpp0112107","A373R1",0.1,0.3,0.20169225
"P7","3R",6453617,"T","TG","CG9727",-1,".",".",".",".",".","2075-2076-insfrshift",".","insfrshift","FBpp0303226","A373R1",0,0.258,0.173455335
"P7","3R",8733279,"T","C","CG8202",1,"T","C","TTG","TCG","L303S","T908C","TTG>TCG","Missense","FBpp0081397","A373R1",3.1,0.222,0.149252265
"P7","3R",9659299,"T","TC","CG9492",-1,".",".",".",".",".","9008-9009-insfrshift",".","insfrshift","FBpp0310725","A373R1",0,0.222,0.149252265
"P7","3R",11670020,"AGT","A","CG42327",1,".",".",".",".",".","2450-2451-delfrshift",".","delfrshift","FBpp0289067","A373R1",0.4,0.236,0.15866457
"P7","3R",14268385,"T","TG","trx",-1,".",".",".",".",".","7936-7937-insfrshift",".","insfrshift","FBpp0082409","A373R1",1.2,0.272,0.18286764
"P7","3R",16172381,"G","T","CG8925",1,"G","T","GGG","GTG","R75S","G225T","AGG>AGT","Missense","FBpp0082707","A373R1",1.3,0.348,0.23396301
"P7","3R",18757666,"T","TG","Epg5",-1,".",".",".",".",".","1003-1004-insfrshift",".","insfrshift","FBpp0271890","A373R1",1.6,0.1952,0.131234424
"P7","3R",19409678,"TG","T","CG11626",1,".",".",".",".",".","294-294-delfrshift",".","delfrshift","FBpp0112159","A373R1",0.1,0.5,0.33615375
"P7","3R",24013498,"CGT","C","KrT95D",-1,".",".",".",".",".","404-405-delfrshift",".","delfrshift","FBpp0083894","A373R1",0.9,0.308,0.20707071
"P7","3R",24941131,"AG","A","ssh",-1,".",".",".",".",".","1879-1879-delfrshift",".","delfrshift","FBpp0084175","A373R1",0.9,0.334,0.224550705
"P7","3R",25035920,"C","A","Ythdf",-1,"G","T","CGC","CTC","A299S","G895T","GCC>TCC","Missense","FBpp0306574","A373R1",2.8,0.272,0.18286764
"P7","3R",25126046,"CG","C","Mocs2B",-1,".",".",".",".",".","768-768-delfrshift",".","delfrshift","FBpp0084157","A373R1",0,0.1304,0.087668898
"P7","3R",25251466,"GA","G","Nup358",1,".",".",".",".",".","1317-1317-delfrshift",".","delfrshift","FBpp0293235","A373R1",7.4,0.316,0.21244917
"P7","3R",25384046,"G","GT","CG31437",1,".",".",".",".",".","258-259-insfrshift",".","insfrshift","FBpp0084209","A373R1",0,0.348,0.23396301
"P7","3R",25384050,"C","A","CG31437",1,"C","A","CCA","CAA","P88Q","C263A","CCA>CAA","Missense","FBpp0084209","A373R1",0,0.348,0.23396301
"P7","3R",27121425,"GGTGA","G","CG5882",1,".",".",".",".",".","2437-2440-delfrshift",".","delfrshift","FBpp0084479","A373R1",0.2,0.26,0.17479995
"P7","3R",30197248,"TG","T","CG9743",-1,".",".",".",".",".","771-771-delfrshift",".","delfrshift","FBpp0084937","A373R1",315.4,0.25,0.168076875
"P7","3R",31052916,"GC","G","Chchd3",-1,".",".",".",".",".","518-518-delfrshift",".","delfrshift","FBpp0085107","A373R1",103.2,0.24,0.1613538
"P7","4",761908,"TA","T","bt",1,".",".",".",".",".","17434-17434-delfrshift",".","delfrshift","FBpp0290554","A373R1",0,0.4,0.268923
"P7","X",1332067,"GGGT","G","CG11409",-1,".",".",".",".",".","1561-1563-delinframe",".","delinframe","FBpp0309598","A373R1",0,0.167,0.224550705
"P7","X",1355281,"T","TGCA","CG11417",1,".",".",".",".",".","1186-1187-insfrshift",".","insfrshift","FBpp0070205","A373R1",14.4,0.182,0.24471993
"P7","X",2680777,"A","G","HLH3B",-1,"T","C","GTT","GCT","V262A","T785C","GTT>GCT","Missense","FBpp0070482","A373R1",0.1,0.25,0.33615375
"P7","X",2742696,"A","AC","Syx4",-1,".",".",".",".",".","135-136-insfrshift",".","insfrshift","FBpp0070471","A373R1",1.2,0.167,0.224550705
"P7","X",3515320,"GT","G","CG13021",1,".",".",".",".",".","62-62-delfrshift",".","delfrshift","FBpp0070546","A373R1",0,0.19,0.25547685
"P7","X",4920340,"GT","G","CG6903",1,".",".",".",".",".","593-593-delfrshift",".","delfrshift","FBpp0070691","A373R1",16,0.2,0.268923
"P7","X",9659269,"G","A","CG3106",-1,"C","T","CCG","CTG","S721S","C2163T","TCC>TCT","Synonymous","FBpp0071338","A373R1",0.2,0.944,1
"P7","X",11157785,"T","TG","CG32668",-1,".",".",".",".",".","1631-1632-insfrshift",".","insfrshift","FBpp0073325","A373R1",0,0.19,0.25547685
"P7","X",11568131,"G","GCA","RpII215",-1,".",".",".",".",".","1237-1238-insfrshift",".","insfrshift","FBpp0073387","A373R1",6.6,0.125,0.168076875
"P7","X",11617257,"GCAA","G","Met",1,".",".",".",".",".","391-393-delinframe",".","delinframe","FBpp0073368","A373R1",2.3,0.4,0.537846
"P7","X",12692911,"C","CA","Smr",-1,".",".",".",".",".","5409-5410-insfrshift",".","insfrshift","FBpp0305909","A373R1",0,0.214,0.28774761
"P7","X",13306254,"GA","G","IP3K2",1,".",".",".",".",".","376-376-delfrshift",".","delfrshift","FBpp0311961","A373R1",0,0.148,0.19900302
"P7","X",13388607,"CG","C","CG1662",1,".",".",".",".",".","597-597-delfrshift",".","delfrshift","FBpp0309558","A373R1",6.5,0.154,0.20707071
"P7","X",14380906,"A","G","betaNACtes4",1,"A","G","GAC","GGC","T134A","A400G","ACA>GCA","Missense","FBpp0073732","A373R1",0,0.3,0.4033845
"P7","X",14907279,"T","TG","fiz",-1,".",".",".",".",".","1333-1334-insfrshift",".","insfrshift","FBpp0310035","A373R1",0.2,0.167,0.224550705
"P7","X",15750218,"AT","A","Mvd",1,".",".",".",".",".","451-451-delfrshift",".","delfrshift","FBpp0312007","A373R1",1.5,0.158,0.21244917
"P7","X",15927553,"GAA","G","Lcch3",1,".",".",".",".",".","763-764-delfrshift",".","delfrshift","FBpp0089263","A373R1",0.7,0.143,0.192279945
"P7","X",16413219,"A","AT","CG4301",1,".",".",".",".",".","3077-3078-insfrshift",".","insfrshift","FBpp0074048","A373R1",0.8,0.188,0.25278762
"P7","X",17590708,"TC","T","CG12992",1,".",".",".",".",".","460-460-delfrshift",".","delfrshift","FBpp0307239","A373R1",0,0.167,0.224550705
"P7","X",18445663,"C","A","CG32547",-1,"G","T","AGC","ATC","E534D","G1602T","GAG>GAT","Missense","FBpp0304652","A373R1",0.1,0.231,0.310606065
"P7","X",19237159,"G","GGC","CG14196",-1,".",".",".",".",".","1012-1013-insfrshift",".","insfrshift","FBpp0074460","A373R1",0.7,0.222,0.29850453
"P7","X",19594995,"T","G","CG14205",1,"T","G","TTT","TGT","L604L","T1812G","CTT>CTG","Synonymous","FBpp0074499","A373R1",0.2,0.25,0.33615375
"P7","X",19861359,"C","A","THADA",-1,"G","T","TGG","TTG","V1244V","G3732T","GTG>GTT","Synonymous","FBpp0288416","A373R1",0.5,0.211,0.283713765
"P9","2L",2211491,"GT","G","CG15385",-1,".",".",".",".",".","576-576-delfrshift",".","delfrshift","FBpp0077517","A373R3",0.2,0.1428,0.0993373206
"P9","2L",10988093,"A","AG","CG12253",1,".",".",".",".",".","258-259-insfrshift",".","insfrshift","FBpp0079738","A373R3",2.6,0.1886,0.1311976097
"P9","2L",11123469,"AT","A","Csl4",-1,".",".",".",".",".","1-1-delfrshift",".","delfrshift","FBpp0079813","A373R3",22.8,0.1632,0.1135283664
"P9","2L",13832442,"TG","T","DNApol-gamma35",-1,".",".",".",".",".","186-186-delfrshift",".","delfrshift","FBpp0099758","A373R3",0,0.1428,0.0993373206
"P9","2L",16768759,"GA","G","Mhc",1,".",".",".",".",".","80-80-delfrshift",".","delfrshift","FBpp0080453","A373R3",0,0.1778,0.1236847031
"P9","2L",21286406,"CT","C","Mondo",-1,".",".",".",".",".","3245-3245-delfrshift",".","delfrshift","FBpp0081052","A373R3",1,0.276,0.191996502
"P9","2L",22213349,"G","A","Ir40a",-1,"C","T","CCT","CTT","L265L","C793T","CTA>TTA","Synonymous","FBpp0307914","A373R3",0.1,0.814,0.566250553
"P9","2R",8090115,"CT","C","sut3",1,".",".",".",".",".","529-529-delfrshift",".","delfrshift","FBpp0087857","A373R3",0,0.1818,0.1264672611
"P9","2R",16360746,"C","T","CG6262",1,"C","T","TCA","TTA","I246I","C738T","ATC>ATT","Synonymous","FBpp0086296","A373R3",0,0.844,0.587119738
"P9","2R",17075756,"AGCT","A","CG30460",-1,".",".",".",".",".","299-301-delinframe",".","delinframe","FBpp0086161","A373R3",0.9,0.129,0.0897374955
"P9","3L",4483098,"TC","T","CG11350",1,".",".",".",".",".","191-191-delfrshift",".","delfrshift","FBpp0303816","A373R3",0,0.125,0.0869549375
"P9","3L",5804899,"CA","C","CG42272",1,".",".",".",".",".","1072-1072-delfrshift",".","delfrshift","FBpp0288891","A373R3",0.1,0.145,0.1008677275
"P9","3L",6131960,"TTA","T","Cpr65Au",-1,".",".",".",".",".","120-121-delfrshift",".","delfrshift","FBpp0311912","A373R3",0,0.1304,0.0907113908
"P9","3L",8805389,"TC","T","CG34427",1,".",".",".",".",".","494-494-delfrshift",".","delfrshift","FBpp0292323","A373R3",0,0.1224,0.0851462748
"P9","3R",4935316,"CCT","C","Cdep",1,".",".",".",".",".","10064-10065-delfrshift",".","delfrshift","FBpp0307781","A373R3",0,0.1454,0.1011459833
"P9","3R",16267242,"T","TGA","Mst89B",1,".",".",".",".",".","86-87-insfrshift",".","insfrshift","FBpp0082714","A373R3",0.1,0.1034,0.0719291243
"P9","3R",18174892,"A","AC","wrd",1,".",".",".",".",".","1258-1259-insfrshift",".","insfrshift","FBpp0082978","A373R3",1,0.1224,0.0851462748
"P9","3R",19030628,"AG","A","Prp18",-1,".",".",".",".",".","565-565-delfrshift",".","delfrshift","FBpp0083131","A373R3",3.8,0.1492,0.1037894134
"P9","3R",21776567,"GT","G","CG6800",1,".",".",".",".",".","378-378-delfrshift",".","delfrshift","FBpp0083530","A373R3",0.2,0.1568,0.1090762736
"P9","3R",24531390,"GT","G","ana1",1,".",".",".",".",".","529-529-delfrshift",".","delfrshift","FBpp0306443","A373R3",0.2,0.125,0.0869549375
"P9","3R",24923006,"AG","A","Mink",1,".",".",".",".",".","372-372-delfrshift",".","delfrshift","FBpp0084092","A373R3",3.8,0.1112,0.0773551124
"P9","4",1081141,"G","GT","Actbeta",-1,".",".",".",".",".","1067-1068-insfrshift",".","insfrshift","FBpp0088273","A373R3",0,0.554,0.385384283
"P9","X",2249562,"AT","A","crn",-1,".",".",".",".",".","243-243-delfrshift",".","delfrshift","FBpp0070402","A373R3",6.8,0.111,0.154431969
"P9","X",2596577,"AG","A","egh",1,".",".",".",".",".","364-364-delfrshift",".","delfrshift","FBpp0309090","A373R3",8.7,0.075,0.104345925
"P9","X",18439935,"AC","A","CG43841",1,".",".",".",".",".","190-190-delfrshift",".","delfrshift","FBpp0304671","A373R3",0,0.154,0.214256966
"P9","X",19246147,"CG","C","CG7992",-1,".",".",".",".",".","567-567-delfrshift",".","delfrshift","FBpp0074459","A373R3",12.3,0.12,0.16695348
